state,parlimen,code_state,code_parlimen,year,area_km2,population_total,nationality_citizen,nationality_non_citizen,sex_male,sex_female,ethnicity_proportion_bumi,ethnicity_proportion_chinese,ethnicity_proportion_indian,ethnicity_proportion_other,age_proportion_0_14,age_proportion_15_64,age_proportion_65_above,age_proportion_18_above,housing_total,household_total,household_size_avg,live_births,live_births_male,live_births_female,deaths,deaths_male,deaths_female,labour_participation_rate,labour_unemployment_rate,income_median,income_avg,expenditure_avg,gini,poverty_incidence,sme_small,sme_micro,sme_medium,businesses_agriculture,businesses_crops,businesses_livestock,businesses_fisheries,businesses_forestry,businesses_mining,businesses_manufacturing,businesses_construction,businesses_services,utilities_pipedwater_home,utilities_pipedwater_public,utilities_pipedwater_other,utilities_electricity_home,utilities_electricity_none
Perlis,P.001 Padang Besar,9,P.001,2020,450,86798,84074,2724,44487,42311,89.80184124,5.640269287,1.648547708,2.90934177,21.7,70,8.3,69.3,23026,23387,3.5,1209,598,611,575,305,270,62.9,4.1,4075,4747,3154,0.31,5.7,8,169,2194,46,34,12,0,0,3,102,269,1957,99.7,0,0.3,100,0
Perlis,P.002 Kangar,9,P.002,2020,141,100755,98479,2276,49875,50880,87.33029377,9.576661014,1.518090151,1.574955067,21.8,70,8.2,70,28611,27996,3.5,1494,773,721,711,394,317,62.8,4,4889,5899,3694,0.35,4.2,31,636,4025,72,32,10,26,4,6,301,682,3674,99.4,0.5,0.1,100,0
Perlis,P.003 Arau,9,P.003,2020,222,97332,95902,1430,47983,49349,89.41732185,6.576505182,2.338845905,1.667327063,17.9,75,7.1,74.8,21467,29467,3.6,1395,733,662,664,374,290,63.3,4.7,4594,5411,3381,0.31,1.4,7,185,2381,51,38,8,4,1,1,138,393,1987,99.8,0.2,0,100,0
Kedah,P.004 Langkawi,2,P.004,2020,469,94138,90015,4123,48694,45444,91.86024551,5.122479587,1.934122091,1.083152808,24.8,69.8,5.4,70.8,33025,25983,3.6,1509,774,735,609,339,270,68.5,6.8,5905,6737,3334,0.28,0.9,56,723,3353,31,14,1,14,2,5,162,290,3712,99.5,0,0.5,100,0
Kedah,P.005 Jerlun,2,P.005,2020,316,66086,65407,679,32777,33309,93.45941566,4.178451848,0.085617747,2.276514746,20.4,65.2,14.4,73.9,20031,16592,4,1064,559,505,431,246,185,61.3,3.6,4106,4919,2768,0.29,6.7,4,113,1133,17,7,3,6,1,0,92,58,1086,99,0,1,100,0
Kedah,P.006 Kubang Pasu,2,P.006,2020,634,171375,165147,6228,84396,86979,88.56110011,7.38735793,2.939805143,1.111736816,22.8,69.4,7.7,72.5,52335,42024,3.9,2892,1550,1342,1174,682,492,61.7,4,5060,6673,4360,0.37,4.3,44,588,3980,71,47,15,4,5,6,331,292,3986,100,0,0,100,0
Kedah,P.007 Padang Terap,2,P.007,2020,1357,65986,62672,3314,34362,31624,91.66453919,0.793017616,0.044677049,7.497766148,24.1,66.1,9.8,70.5,19119,16055,4.1,1059,532,527,429,235,194,65.4,4.2,3722,4781,3419,0.31,9.1,8,92,1023,21,17,3,0,1,1,55,65,992,100,0,0,100,0
Kedah,P.008 Pokok Sena,2,P.008,2020,322,133057,128272,4785,68364,64693,85.15264438,12.1827055,2.150898092,0.513752027,23.5,65.5,11,72,41373,34802,3.7,2104,1066,1038,848,468,380,65.8,4.6,4443,5522,3564,0.33,6.8,67,1040,5932,142,93,25,16,8,9,318,1058,5582,100,0,0,100,0
Kedah,P.009 Alor Setar,2,P.009,2020,111,119010,112474,6536,58863,60147,68.52072479,28.1345022,3.000693494,0.344079521,22.9,66.8,10.2,71.9,35093,30140,3.8,1795,941,854,726,414,312,61.9,5.5,4543,5540,4146,0.32,4.9,90,1786,5621,98,53,13,19,13,38,500,566,6478,100,0,0,100,0
Kedah,P.010 Kuala Kedah,2,P.010,2020,233,172099,167709,4390,86260,85839,75.58628338,22.93257965,1.150206608,0.330930362,26,64.4,9.7,69,48799,43175,3.9,2686,1399,1287,1087,615,472,61.2,5.2,4405,5912,4183,0.38,7.3,50,732,4020,79,30,12,30,7,5,371,300,4083,100,0,0,100,0
Kedah,P.011 Pendang,2,P.011,2020,629,99363,97451,1912,52673,46690,90.80974028,2.906075874,0.423802732,5.860381115,28,62.3,9.6,67.2,29702,24165,4.1,1600,793,807,645,349,296,64.2,4.9,3765,4680,2798,0.31,8.1,10,179,2031,43,32,9,2,0,3,159,89,1946,100,0,0,100,0
Kedah,P.012 Jerai,2,P.012,2020,458,126200,124620,1580,63997,62203,87.48194511,7.473920719,4.795377949,0.248756219,27.3,62.4,10.2,66.9,34551,30131,4.2,1965,1015,950,793,446,347,60.3,2.9,3313,4404,2635,0.38,14.9,26,385,2689,65,38,17,6,4,2,236,176,2642,100,0,0,100,0
Kedah,P.013 Sik,2,P.013,2020,1645,67640,65525,2115,34538,33102,94.07706982,0.782907287,0.086989699,5.053033193,23.2,64.8,11.9,71.4,19044,17335,3.8,1087,563,524,439,248,191,61.1,2.8,4096,4960,2921,0.32,7.6,3,86,860,20,11,5,4,0,1,69,76,793,91.9,0.5,7.6,100,0
Kedah,P.014 Merbok,2,P.014,2020,451,216357,204839,11518,110726,105631,74.0518163,13.49254781,12.09340018,0.362235707,25.7,68.5,5.8,69.7,66891,52104,3.9,3498,1859,1639,1417,817,600,60.5,4.2,4350,5967,3394,0.4,11.1,98,1458,6998,259,171,35,36,17,19,845,818,6765,99.7,0.3,0,100,0
Kedah,P.015 Sungai Petani,2,P.015,2020,261,275439,252746,22693,142830,132609,69.18329073,19.31029571,11.03716775,0.469245804,26.6,68.2,5.1,68.6,83034,66451,4,4277,2243,2034,1733,987,746,60.3,3.6,4373,5745,3255,0.36,9.2,62,1113,4878,94,43,13,21,17,20,495,275,5264,100,0,0,100,0
Kedah,P.016 Baling,2,P.016,2020,1540,142530,139748,2782,72989,69541,92.12868878,3.018290065,3.232246615,1.620774537,24.6,66.4,9,70,41987,37356,3.8,2286,1176,1110,924,517,407,66.6,3.6,3583,4313,2535,0.34,17.9,18,292,2345,48,37,8,0,3,3,140,92,2397,96.9,0,3.1,100,0
Kedah,P.017 Padang Serai,2,P.017,2020,343,261937,245829,16108,134405,127532,70.11459185,14.16065639,15.2044714,0.520280357,27.5,68.3,4.3,67.3,72519,62327,4.1,4082,2058,2024,1647,905,742,64.9,3.9,4419,5293,3038,0.32,9.5,56,724,3379,63,39,17,1,6,10,406,216,3548,99.9,0.1,0,100,0
Kedah,P.018 Kulim-Bandar Baharu,2,P.018,2020,690,120210,115626,4584,61412,58798,73.82509124,14.4396589,11.50606265,0.229187207,24.7,67.5,7.8,69.7,33552,29588,4,1886,967,919,763,426,337,65.7,3.5,4558,5671,3209,0.35,9.8,27,386,2306,49,37,9,1,2,6,165,107,2430,100,0,0,100,0
Kelantan,P.019 Tumpat,3,P.019,2020,180,179944,178503,1441,89193,90751,92.46455242,4.124300432,0.098597783,3.312549369,34,59.5,6.5,59.3,42113,34818,5.2,3627,1878,1749,1091,626,465,54.8,3.3,3500,4838,3377,0.374,12.5,11,308,5174,70,39,14,14,3,9,318,191,4918,66.9,0.2,33,100,0
Kelantan,P.020 Pengkalan Chepa,3,P.020,2020,85,159674,156186,3488,80105,79569,97.28848937,2.10454202,0.32141165,0.285556964,26.5,67.8,5.7,65.4,33732,32187,4.5,3258,1726,1532,985,575,410,60.8,5,4182,5353,3635,0.347,8.6,45,610,5029,78,38,17,6,17,12,561,326,4758,76.6,0,23.4,100,0
Kelantan,P.021 Kota Bharu,3,P.021,2020,33,130801,127817,2984,62970,67831,92.72397255,6.605537605,0.291823466,0.378666375,26.2,65.9,7.9,66.7,34676,28823,4.3,2752,1498,1254,835,499,336,60.3,5.7,4122,5201,3569,0.346,7.4,90,1350,9958,348,121,37,17,173,147,572,737,9742,71.6,0,28.4,100,0
Kelantan,P.022 Pasir Mas,3,P.022,2020,176,113476,112738,738,57377,56099,98.50893221,1.287941954,0.007096099,0.196029733,30,62.1,7.8,63.1,25378,22741,5,2223,1131,1092,670,377,293,53.9,4.6,3951,5617,3612,0.401,10,3,202,3233,33,15,9,2,7,15,198,163,3043,77,0.4,22.6,100,0
Kelantan,P.023 Rantau Panjang,3,P.023,2020,392,116948,115160,1788,59379,57569,97.82389719,1.642063216,0.018235498,0.515804099,32.4,61.5,6.2,60.5,29546,22387,5.2,2336,1181,1155,702,393,309,54.2,5,3001,3864,2715,0.324,16.2,1,148,3247,56,35,7,0,14,10,142,90,3109,66.8,0,33.2,100,0
Kelantan,P.024 Kubang Kerian,3,P.024,2020,141,156627,153437,3190,78050,78577,97.49864765,2.025587049,0.282200512,0.193564786,26.3,67.2,6.4,67.6,37208,32517,4.7,3221,1696,1525,973,565,408,60.9,5.2,4415,6219,4033,0.429,10.1,22,353,4661,76,38,21,2,15,23,291,273,4405,56,0,44,100,0
Kelantan,P.025 Bachok,3,P.025,2020,279,157291,156130,1161,76212,81079,98.78947031,0.86722603,0.071735093,0.271568565,27.4,66.5,6.1,63.5,37058,31358,4.9,3169,1677,1492,958,558,400,54.4,3.6,3621,4728,2742,0.361,13.1,9,150,3696,49,20,19,6,4,11,168,145,3491,42.3,0,57.7,100,0
Kelantan,P.026 Ketereh,3,P.026,2020,141,108448,106888,1560,56587,51861,97.70039668,1.909475339,0.076715815,0.31341217,27.4,66.5,6.1,66.1,27743,21908,4.8,2179,1079,1100,654,359,295,60.9,5.2,4028,5618,3710,0.396,11.2,3,144,2708,41,26,8,2,5,2,150,105,2572,48.6,0,51.4,100,0
Kelantan,P.027 Tanah Merah,3,P.027,2020,687,126470,122862,3608,65128,61342,95.39564715,3.803454282,0.301964806,0.498933763,30.7,63.2,6.1,61.9,29178,25316,5,2521,1262,1259,757,420,337,58.4,2.8,3311,4487,2984,0.339,10.6,25,247,3485,82,42,13,5,22,8,168,134,3398,77.3,2,20.8,100,0
Kelantan,P.028 Pasir Puteh,3,P.028,2020,423,135823,134962,861,67277,68546,98.87597991,0.460129518,0.054830249,0.609060328,32.7,60.1,7.3,59.6,33332,26380,5.1,2757,1441,1316,832,480,352,56.6,3.2,3458,4688,3105,0.386,12.7,11,214,3561,68,42,9,9,8,6,177,115,3430,65.8,0.2,34,100,0
Kelantan,P.029 Machang,3,P.029,2020,528,110545,109509,1036,54942,55603,98.00016437,1.800765234,0.094969363,0.104101033,32.7,60.5,6.8,60.4,26072,22069,4.9,2337,1216,1121,706,405,301,59.4,5.3,3708,4841,3056,0.352,7.1,8,178,3120,56,20,12,12,12,11,162,107,2989,70.1,0,29.9,100,0
Kelantan,P.030 Jeli,3,P.030,2020,1500,78952,76917,2035,39726,39226,99.37335049,0.21581705,0.232718385,0.178114071,28.7,65.8,5.5,62.8,16969,16438,4.7,1518,777,741,457,259,198,57.3,3.1,2786,3750,2307,0.342,18.9,3,98,1947,33,19,4,5,5,3,77,86,1864,72.4,0.5,27.2,100,0
Kelantan,P.031 Kuala Krai,3,P.031,2020,2288,105007,101255,3752,52863,52144,95.43923757,3.494148437,0.835514296,0.231099699,28.9,64.6,6.5,63.7,28982,23862,4.4,2134,1094,1040,643,365,278,61.4,2.8,2896,3979,2505,0.382,22.4,15,224,3111,121,54,5,10,52,9,117,110,3029,83.3,0,16.7,100,0
Kelantan,P.032 Gua Musang,3,P.032,2020,8174,112495,104835,7660,60254,52241,93.75685601,4.548099394,1.358324987,0.336719607,36.3,59.7,4,57.9,28367,22447,5,2188,1055,1133,656,352,304,57,4.2,2946,3918,2900,0.36,18.7,22,240,2624,129,65,6,4,54,15,121,144,2528,86.5,0,13.5,100,0
Terengganu,P.033 Besut,11,P.033,2020,1027,127825,125125,2700,65067,62758,98.60539461,0.991808192,0.073526474,0.329270729,29.8,64.3,5.9,63.6,34750,30205,4.2,3002,1571,1431,745,431,314,60,4.1,4609,6033,3840,0.339,9.5,19,385,4306,40,28,2,7,3,16,369,390,3949,83.7,9.6,6.7,100,0
Terengganu,P.034 Setiu,11,P.034,2020,1672,122390,120149,2241,62184,60206,99.61630975,0.185602876,0.033291996,0.164795379,29.4,64.5,6.1,64.4,32385,28357,4.3,2849,1495,1354,708,411,297,64.6,4.2,4313,5591,3621,0.339,9.3,13,202,2664,70,55,9,5,1,3,221,292,2331,95.6,2.2,2.2,100,0
Terengganu,P.035 Kuala Nerus,11,P.035,2020,331,144220,142242,1978,71829,72391,97.90357278,1.588138524,0.370495353,0.137793338,26.2,68.6,5.2,68.3,38023,35113,4.1,3484,1869,1615,866,513,353,55.2,5,6725,7716,4715,0.298,3.8,26,355,3207,43,20,11,6,6,6,268,388,2955,96.2,3.6,0.2,100,0
Terengganu,P.036 Kuala Terengganu,11,P.036,2020,57,129031,125889,3142,64632,64399,94.6444884,4.789139639,0.395586588,0.170785374,24.2,67.8,8,70.8,37635,36309,3.6,3002,1582,1420,744,434,310,61.1,5,5681,6689,4599,0.283,3.3,107,1420,7739,140,74,18,13,35,95,666,1071,7461,98,2,0,100,0
Terengganu,P.037 Marang,11,P.037,2020,714,162312,160301,2011,82619,79693,98.50406423,1.291944529,0.030567495,0.173423747,28.9,65.1,5.9,64.8,45346,38299,4.2,3866,2009,1857,958,552,406,55.8,3.2,5227,6299,4225,0.318,7.5,17,349,3828,59,32,10,10,7,6,342,469,3340,97,2.4,0.5,100,0
Terengganu,P.038 Hulu Terengganu,11,P.038,2020,3973,91855,87826,4029,48287,43568,99.49331633,0.190148703,0.017079225,0.299455742,26.1,66.1,7.8,68.5,26783,21999,4.1,2260,1152,1108,559,317,242,55.9,4.2,4515,5577,3853,0.337,7.8,9,244,3130,77,50,17,7,3,9,229,345,2756,99.2,0.3,0.5,100,0
Terengganu,P.039 Dungun,11,P.039,2020,2687,156225,153275,2950,80238,75987,97.53775893,2.176480183,0.084814875,0.200946012,29,66.5,4.5,65.5,41794,39159,4.1,3759,1934,1825,930,530,400,55.7,3.9,6037,7553,4688,0.342,5.2,31,503,3710,76,49,20,4,3,18,311,396,3524,98.1,1.4,0.5,100,0
Terengganu,P.040 Kemaman,11,P.040,2020,2540,215582,208231,7351,113009,102573,95.72013773,3.765049392,0.359696683,0.155116193,32.4,64.6,3.1,61.9,57733,52932,4,4932,2496,2436,1218,686,532,65.6,3.7,6592,7854,4652,0.346,4.6,93,1063,5140,101,75,15,5,6,78,428,636,5220,99.8,0.2,0,100,0
Pulau Pinang,P.041 Kepala Batas,7,P.041,2020,138,117043,112491,4552,60357,56686,87.17764088,8.990052538,3.622512023,0.209794561,25.8,69.5,4.7,69.3,33443,29430,3.9,1332,690,642,727,408,319,63.1,3.8,5644,6739,3769,0.34,5,60,882,3678,88,31,50,6,1,2,354,363,3846,99.9,0.1,0,100,0
Pulau Pinang,P.042 Tasek Gelugor,7,P.042,2020,109,106899,103644,3255,54531,52368,78.19072981,16.63193238,4.878237042,0.299100768,24.4,69.1,6.5,70.6,30365,26757,3.8,1234,645,589,672,382,290,63.2,3.7,5566,6429,3557,0.34,4.1,20,423,2328,43,22,18,3,0,4,260,214,2256,99.6,0.4,0,100,0
Pulau Pinang,P.043 Bagan,7,P.043,2020,20,112712,104157,8555,56393,56319,21.6346477,65.47615619,12.40051077,0.48868535,19.5,72.7,7.8,76.1,36266,30175,3.6,1260,658,602,687,390,297,62.9,3.6,5647,7579,4119,0.38,3.4,103,1395,5534,63,39,5,17,2,15,626,527,5857,100,0,0,100,0
Pulau Pinang,P.044 Permatang Pauh,7,P.044,2020,98,159989,150266,9723,82787,77202,78.4329123,15.55707878,5.575446209,0.434562709,21.1,73.6,5.3,73.6,46040,41201,3.9,1798,922,876,979,546,433,63,4.7,5183,6435,3615,0.37,6.1,181,2299,7747,153,94,37,15,7,22,788,986,8439,100,0,0,100,0
Pulau Pinang,P.045 Bukit Mertajam,7,P.045,2020,78,162947,154454,8493,85769,77178,27.8717288,61.29333005,10.44777086,0.38717029,18.9,74,7.1,75.8,53775,41853,3.8,1846,953,893,1006,565,441,69.1,2.4,6171,7901,4522,0.37,1.3,80,1316,6266,93,50,21,16,6,11,775,460,6394,99.8,0.2,0,100,0
Pulau Pinang,P.046 Batu Kawan,7,P.046,2020,129,164468,127545,36923,86222,78246,34.18714963,45.68034811,19.18460151,0.947900741,17.2,78.8,4,78.8,47725,40326,3.8,1756,841,915,952,499,453,75.6,3.7,6069,7644,4680,0.35,0.6,186,1796,5500,136,37,46,47,6,19,1217,443,5905,100,0,0,100,0
Pulau Pinang,P.047 Nibong Tebal,7,P.047,2020,178,122034,120291,1743,63860,58174,50.43353202,33.0116135,16.33206142,0.22279306,21.2,74.1,4.7,73.9,44019,38207,3.2,1403,710,693,762,421,341,76.6,3.3,5526,6591,3808,0.32,2.5,70,976,4136,227,65,59,100,3,8,469,338,4171,100,0,0,100,0
Pulau Pinang,P.048 Bukit Bendera,7,P.048,2020,65,123827,109799,14028,61703,62124,17.88085502,70.00610206,10.4946311,1.618411825,17.8,71.5,10.7,79,56322,43650,2.8,1391,734,657,759,435,324,66,3.7,7322,9862,6129,0.41,0,153,2082,8956,100,79,7,12,2,18,510,656,10117,100,0,0,100,0
Pulau Pinang,P.049 Tanjong,7,P.049,2020,6,34809,25427,9382,20663,14146,16.92688874,70.99539859,11.4051992,0.67251347,11.5,78.4,10.1,86.2,14679,10360,2.8,315,163,152,171,96,75,66.6,4,6135,7807,4648,0.35,1.5,94,1866,8010,120,68,23,18,11,22,516,433,9029,100,0,0,100,0
Pulau Pinang,P.050 Jelutong,7,P.050,2020,10,113725,109271,4454,56549,57176,26.72895828,62.42369888,10.12436969,0.722973158,21.1,69.5,9.5,75.2,39632,34531,3.3,1323,703,620,723,417,306,67.6,4.5,7174,7555,4753,0.28,1.3,53,995,5297,41,21,5,13,2,18,340,486,5501,100,0,0,100,0
Pulau Pinang,P.051 Bukit Gelugor,7,P.051,2020,32,201005,181015,19990,102178,98827,22.4760379,66.78783526,9.891997901,0.84412894,18.8,74.1,7.2,78.3,66466,60025,3.2,2224,1192,1032,1215,705,510,66.4,3.8,6220,8013,4707,0.35,0.2,29,673,4047,32,12,8,11,1,2,232,377,4167,100,0,0,100,0
Pulau Pinang,P.052 Bayan Baru,7,P.052,2020,41,188603,172414,16189,93984,94619,42.35154918,47.51760298,9.235328918,0.895518925,18.2,75.3,6.6,78.5,65086,59285,3.2,2166,1153,1013,1184,683,501,69.6,2.9,6981,9040,5562,0.36,0.8,132,1712,6768,66,33,12,18,3,12,739,616,7511,100,0,0,100,0
Pulau Pinang,P.053 Balik Pulau,7,P.053,2020,147,132344,129100,3244,67558,64786,63.69558482,31.63516654,4.260263362,0.408985283,23.3,71.4,5.3,72.6,53190,39547,3.3,1562,809,753,852,480,372,69.2,2.8,6485,7975,5166,0.33,0.7,36,451,2591,37,11,9,15,2,4,190,250,2644,100,0,0,100,0
Perak,P.054 Gerik,8,P.054,2020,4521,56810,55409,1401,29767,27043,86.76749265,8.173762385,2.414770164,2.643974806,30.1,63.8,6.1,63.8,18089,14490,3.8,734,372,362,415,228,187,62.5,4.2,4110,5138,3072,0.349,8.9,9,138,1267,39,26,2,2,9,4,70,155,1175,98.1,0,1.9,100,0
Perak,P.055 Lenggong,8,P.055,2020,1793,37428,36209,1219,19206,18222,91.88599519,6.683421249,1.107459471,0.323124085,25.1,64.9,10.1,67.6,11976,9974,3.7,483,251,232,274,155,119,61.8,3.8,3004,3885,2177,0.34,17.5,,59,685,22,16,3,1,2,0,44,91,593,94.9,2.2,2.9,100,0
Perak,P.056 Larut,8,P.056,2020,1129,66020,64190,1830,33677,32343,92.7792491,2.511294594,4.475775043,0.233681259,24.3,65.8,9.9,69.9,22324,17806,3.7,872,458,414,495,283,212,66.7,5.8,4115,5173,3605,0.33,7.4,6,119,882,57,35,10,7,5,0,41,87,837,97.8,0,2.2,100,0
Perak,P.057 Parit Buntar,8,P.057,2020,145,73366,70378,2988,37803,35563,71.97419648,22.42462133,4.872261218,0.72892097,21.9,68.4,9.7,72.3,20480,17655,4.1,956,498,458,543,308,235,60.3,5.6,4501,5610,3923,0.308,8,22,336,1742,81,29,13,39,0,0,125,141,1804,100,0,0,100,0
Perak,P.058 Bagan Serai,8,P.058,2020,770,92986,90335,2651,47877,45109,81.70808657,10.56069076,7.546355233,0.184867438,23.6,68,8.4,69.9,29419,22596,4.1,1229,641,588,699,396,303,61.2,4.5,4543,5507,3561,0.305,4.3,12,240,1465,111,41,18,47,5,0,85,132,1411,100,0,0,100,0
Perak,P.059 Bukit Gantang,8,P.059,2020,833,107813,102363,5450,56244,51569,76.13297774,15.29849653,8.360442738,0.208082999,24.2,67.3,8.5,70.6,33062,27989,3.7,1433,731,702,813,452,361,67.7,6,3798,4607,3363,0.31,12.9,32,347,1851,114,42,12,41,19,4,170,173,1800,99.8,0,0.2,99.8,0.2
Perak,P.060 Taiping,8,P.060,2020,118,130712,125815,4897,67547,63165,50.40495966,36.71183881,12.42379684,0.459404681,25,64.3,10.7,70.1,42279,34818,3.6,1716,901,815,978,558,420,66.5,4.7,4751,5916,3914,0.32,4.9,46,844,3828,132,76,29,13,14,14,320,413,3971,100,0,0,100,0
Perak,P.061 Padang Rengas,8,P.061,2020,395,38294,37426,868,19242,19052,82.57628387,11.9408967,5.242344894,0.240474536,27.1,63.3,9.6,67.4,13661,10328,3.7,510,271,239,290,168,122,60.4,5.1,4314,6975,4223,0.46,5.9,9,104,690,30,16,10,1,3,4,61,73,644,100,0,0,100,0
Perak,P.062 Sungai Siput,8,P.062,2020,1850,86815,83900,2915,44691,42124,50.170441,27.18235995,22.45172825,0.195470799,24.7,66.2,9.1,68.8,25049,24682,3.5,953,498,455,541,307,234,60.7,5.5,3376,4399,2650,0.337,16.7,27,250,1647,112,59,29,5,19,5,149,146,1536,100,0,0,100,0
Perak,P.063 Tambun,8,P.063,2020,535,259166,245870,13296,133989,125177,71.17297759,18.14658153,10.31114003,0.36930085,25,68.6,6.5,69,81823,70138,3.6,3085,1638,1447,1756,1012,744,64.7,3.8,4964,6170,3878,0.345,5.6,80,902,5068,108,53,30,8,17,15,510,566,4996,100,0,0,100,0
Perak,P.064 Ipoh Timor,8,P.064,2020,43,134700,126126,8574,69880,64820,37.38959453,54.20928278,7.925407925,0.475714761,22.8,64,13.3,72.7,46436,39263,3.3,1665,883,782,948,546,402,66.1,4.8,4418,6177,3993,0.415,1.9,122,1964,8025,262,178,12,17,55,91,701,786,8479,100,0,0,100,0
Perak,P.065 Ipoh Barat,8,P.065,2020,37,134978,127100,7878,69809,65169,25.78442172,47.77261998,25.95751377,0.485444532,20.2,68.7,11.1,74.7,43354,37192,3.5,1685,899,786,961,556,405,64.5,4.3,4597,7860,5013,0.539,5.6,158,1904,8065,293,174,42,14,63,77,588,811,8592,98.9,1.1,0,100,0
Perak,P.066 Batu Gajah,8,P.066,2020,216,137227,128911,8316,72757,64470,25.24920294,54.67725795,19.58017547,0.493363638,21.6,67.5,10.8,72.9,44930,38222,3.5,1680,876,804,955,541,414,64.9,5.4,3870,4671,2941,0.318,7.3,112,1359,4380,75,41,14,12,8,21,929,497,4415,100,0,0,100,0
Perak,P.067 Kuala Kangsar,8,P.067,2020,576,51789,50680,1109,25838,25951,82.16456196,13.1531176,4.31531176,0.367008682,24,67.7,8.2,70.9,16749,14391,3.6,696,375,321,397,232,165,59.9,4.9,3901,4819,3282,0.342,7.3,5,213,1452,37,27,2,2,6,4,99,132,1436,99.3,0,0.7,100,0
Perak,P.068 Beruas,8,P.068,2020,754,119756,111194,8562,63776,55980,33.13218339,49.03322122,17.37953487,0.455060525,22.4,68.1,9.5,72.4,42750,31515,3.7,1543,791,752,876,489,387,64.8,5.1,3973,5592,3486,0.411,8.9,56,935,4729,398,170,79,140,9,15,316,472,4615,99.9,0.1,0,100,0
Perak,P.069 Parit,8,P.069,2020,560,60988,58692,2296,31418,29570,95.8972262,1.480610645,2.388741225,0.233421931,20.9,72.6,6.4,74.7,22714,19961,3.4,857,426,431,485,263,222,60.6,6.3,4629,6129,3972,0.364,6.2,10,159,1046,46,34,8,2,2,0,48,107,1046,100,0,0,100,0
Perak,P.070 Kampar,8,P.070,2020,547,104552,100333,4219,53736,50816,44.61742398,45.44466925,9.612988747,0.324918023,20.5,69.1,10.4,74.7,41050,30015,3.4,1391,726,665,791,449,342,65.8,4.4,3653,4777,2612,0.362,7.6,35,385,2663,90,52,24,11,3,20,144,167,2724,99.9,0,0.1,100,0
Perak,P.071 Gopeng,8,P.071,2020,577,216236,204396,11840,110855,105381,52.70700014,38.56533396,8.321102174,0.406563729,23.9,67.4,8.6,70.5,68221,58466,3.6,2635,1409,1226,1502,871,631,61.3,3.9,4542,5851,3529,0.363,4.4,84,1006,5212,135,90,21,12,12,78,455,661,5052,100,0,0,100,0
Perak,P.072 Tapah,8,P.072,2020,893,79093,75953,3140,42588,36505,71.64035654,15.05667979,12.49325241,0.809711269,24.4,67.9,7.7,71.1,24943,21375,3.6,1013,508,505,574,314,260,68.1,4.4,3885,5468,2983,0.389,9,11,190,1201,66,42,19,3,2,6,59,137,1168,100,0,0,100,0
Perak,P.073 Pasir Salak,8,P.073,2020,1064,80485,75174,5311,42807,37678,86.75206853,10.10987842,2.808151755,0.329901296,23,67.8,9.2,71,30024,19956,3.8,1043,533,510,592,329,263,65.6,5.6,3186,3780,2606,0.307,18.9,10,216,1213,104,91,6,2,5,1,66,150,1144,99.4,0.3,0.2,100,0
Perak,P.074 Lumut,8,P.074,2020,343,124320,115623,8697,67751,56569,81.61438468,9.390000259,8.724907674,0.270707385,26.7,68.6,4.7,68.7,42300,30546,3.8,1632,807,825,926,500,426,64.9,5.6,5643,6728,4019,0.343,4.7,41,670,3534,124,35,8,80,1,8,301,388,3535,100,0,0,100,0
Perak,P.075 Bagan Datuk,8,P.075,2020,635,76495,69276,7219,41384,35111,55.14319533,20.66949593,23.92170449,0.26560425,18,74.3,7.6,69.6,18505,21465,3.5,756,379,377,428,234,194,63.8,5.3,4448,5660,3341,0.371,6.3,11,256,1235,86,42,9,32,3,0,79,76,1279,100,0,0,100,0
Perak,P.076 Teluk Intan,8,P.076,2020,774,103065,91779,11286,55868,47197,49.91991632,32.64908094,16.87967836,0.551324377,19.5,70.2,10.3,74.6,32150,26135,3.7,1273,657,616,723,406,317,63.4,5.4,3641,5059,3312,0.378,10.3,49,717,3043,196,160,16,15,5,6,229,288,3161,99.6,0.4,0,100,0
Perak,P.077 Tanjong Malim,8,P.077,2020,1882,122947,117705,5242,61728,61219,74.07671722,13.39875112,11.94766577,0.576865894,20.4,71.2,8.5,75.1,36035,33877,3.5,1693,915,778,966,566,400,68.5,4.4,4056,5686,3191,0.399,8.3,28,455,2723,132,84,33,5,10,9,161,176,2840,99.4,0,0.6,100,0
Pahang,P.078 Cameron Highlands,6,P.078,2020,3114,68001,62072,5929,37108,30893,72.18552649,18.84263436,8.398311638,0.573527516,27.2,67.2,5.6,66.3,22093,15612,4.3,1067,532,535,362,211,151,73.3,1.5,5280,6329,4016,0.276,1.7,45,585,1872,512,500,5,2,5,3,62,77,1892,96.7,1.6,1.7,100,0
Pahang,P.079 Lipis,6,P.079,2020,3004,67853,64190,3663,36408,31445,84.28571429,11.39741393,3.953886898,0.362984889,25.5,68.2,6.3,68.6,17206,15256,4.4,1086,552,534,371,219,152,58.5,3.6,3628,4467,3291,0.296,5.6,13,173,1402,59,42,2,2,13,9,67,106,1403,97.8,2.2,0,100,0
Pahang,P.080 Raub,6,P.080,2020,2296,95909,90608,5301,50797,45112,60.99240685,32.52582553,6.040305492,0.441462123,26.1,66.3,7.5,67.6,25230,22861,4.1,1537,795,742,528,316,212,64.5,3.8,3811,4992,4102,0.307,4.4,18,364,2184,139,109,11,2,17,16,143,124,2193,89.7,10,0.3,100,0
Pahang,P.081 Jerantut,6,P.081,2020,7273,104771,99779,4992,55612,49159,85.63525391,11.12358312,2.67190491,0.56925806,27.2,64.4,8.4,66.1,28779,24165,4.3,1679,866,813,577,345,232,64.9,3.2,3708,4436,2783,0.293,9.6,27,349,2276,115,69,20,2,24,14,138,248,2218,100,0,0,100,0
Pahang,P.082 Indera Mahkota,6,P.082,2020,392,248946,239291,9655,130048,118898,75.77928129,19.54900101,4.232921422,0.438796277,27.3,69,3.7,64.9,66984,64018,3.8,3815,1984,1831,1313,790,523,69.3,2.6,6051,7693,4603,0.339,2,189,1714,6090,197,96,31,20,50,159,550,942,6309,100,0,0,100,0
Pahang,P.083 Kuantan,6,P.083,2020,165,128247,126026,2221,66237,62010,82.51948011,15.65470617,1.609191754,0.216621967,27.1,67.7,5.3,65.7,36542,34197,3.7,1880,995,885,648,396,252,69.1,2.9,5771,6882,4537,0.322,1.1,132,1588,6604,371,204,54,35,78,289,410,857,6619,99.9,0,0.1,100,0
Pahang,P.084 Paya Besar,6,P.084,2020,2218,128041,124029,4012,65606,62435,91.47376823,6.383990841,1.484330278,0.65791065,27,68.1,4.9,66.7,37467,36265,3.7,1979,1050,929,683,418,265,68.9,3.2,4896,6077,3738,0.307,1.2,19,329,2123,90,59,22,1,8,6,167,224,2053,98.2,0.7,1.1,100,0
Pahang,P.085 Pekan,6,P.085,2020,3846,161106,152313,8793,87226,73880,96.28199825,1.447020281,0.813456501,1.457524965,26.3,68.7,5,66.4,46006,42541,3.6,2520,1277,1243,863,508,355,69.2,2.7,4389,5377,3341,0.315,6.5,16,307,2602,96,60,13,19,4,21,190,252,2461,92.4,2,5.6,100,0
Pahang,P.086 Maran,6,P.086,2020,1609,61932,58133,3799,33574,28358,93.54239417,4.696127845,1.324548879,0.436929111,26.5,63.8,9.7,67.3,17092,14268,4.3,993,498,495,339,198,141,65,2.6,3582,4390,3337,0.303,8.6,12,115,1061,59,47,9,3,0,0,57,113,1012,98.8,0,1.2,100,0
Pahang,P.087 Kuala Krau,6,P.087,2020,1391,68047,66281,1766,34431,33616,97.00970112,1.377468656,1.365398832,0.247431391,26.4,63.5,10.1,68.8,18922,15639,4.1,1119,607,512,388,242,146,63.6,4.2,3832,4899,3575,0.301,4.9,14,212,1614,72,41,17,5,9,1,75,199,1547,99.3,0,0.7,100,0
Pahang,P.088 Temerloh,6,P.088,2020,1181,141781,137397,4384,73119,68662,75.88739201,16.92322249,6.554000451,0.635385052,30.6,64.4,5.1,63.2,43361,35433,4,2297,1219,1078,792,485,307,63.6,4.2,4263,5318,3035,0.323,6.1,73,910,4072,298,155,34,8,101,38,292,444,4095,100,0,0,100,0
Pahang,P.089 Bentong,6,P.089,2020,1866,117801,109311,8490,66682,51119,61.92606417,28.81869162,8.404460667,0.850783544,24.1,67.9,8.1,70.6,39719,30452,3.8,2032,965,1067,688,384,304,63.8,3.5,4224,5288,3628,0.284,3.4,37,606,2796,117,92,13,7,5,8,190,205,3103,99.5,0.5,0,100,0
Pahang,P.090 Bera,6,P.090,2020,2205,97963,91551,6412,52343,45620,67.42908324,27.86097366,4.192198884,0.517744208,24.7,65.6,9.8,68.6,25619,23338,4.2,1552,794,758,533,316,217,57.6,3.3,3669,4588,2821,0.289,2.8,30,317,1992,170,107,41,4,18,11,97,201,1927,99.4,0.3,0.3,100,0
Pahang,P.091 Rompin,6,P.091,2020,5390,100897,92249,8648,54960,45937,96.52679162,1.730100055,1.105703043,0.637405284,25.2,68,6.8,69.8,33952,27489,3.5,1723,863,860,588,343,245,61.6,3.4,3579,4641,3337,0.295,6.7,32,365,2104,163,111,24,17,11,5,113,212,2099,96.3,0,3.7,100,0
Selangor,P.092 Sabak Bernam,10,P.092,2020,344,48104,47062,1042,24618,23486,84.21019081,10.99825762,4.615188475,0.176363095,18.6,60.4,21,75.7,15904,12943,3.6,666,358,308,180,108,72,72.4,3.5,3372,4452,2982,0.33,7.7,6,280,1087,24,20,2,2,0,2,37,93,1231,100,0,0,100,0
Selangor,P.093 Sungai Besar,10,P.093,2020,639,58955,55722,3233,31190,27765,70.15182513,26.28764222,3.257241305,0.303291339,19.5,62.1,18.4,75.2,17846,15457,3.8,792,410,382,215,126,89,73.9,3,5127,7069,4611,0.397,2.7,18,409,1341,50,18,5,25,2,3,67,106,1569,100,0,0,100,0
Selangor,P.094 Hulu Selangor,10,P.094,2020,1712,239978,230626,9352,127403,112575,75.25517505,11.41892068,12.82422624,0.501678042,21.9,69.4,8.8,73.1,89382,60176,4,3220,1655,1565,875,509,366,74.8,2.6,6249,7598,4165,0.339,1.5,70,978,2796,60,40,14,3,3,7,338,273,3258,100,0,0,100,0
Selangor,P.095 Tanjong Karang,10,P.095,2020,779,59862,57592,2270,30072,29790,78.20704264,12.97402417,8.464717322,0.354215863,17.5,65.4,17.1,77.5,18581,16402,3.7,795,434,361,217,133,84,75.4,2.9,4475,5812,3770,0.392,7.2,14,431,1509,28,17,7,4,0,2,77,130,1771,100,0,0,100,0
Selangor,P.096 Kuala Selangor,10,P.096,2020,434,171266,161631,9635,89640,81626,79.77986896,7.55115046,12.34354796,0.325432621,23.3,68.7,8,71.5,54842,42119,3.9,2286,1201,1085,624,370,254,76.4,4.2,5808,7239,4361,0.366,3.1,44,620,2384,53,32,10,10,1,8,219,183,2677,100,0,0,100,0
Selangor,P.097 Selayang,10,P.097,2020,285,363289,339385,23904,191046,172243,61.52776345,21.57903266,15.05694123,1.836262652,26.6,68.3,5.1,68.5,105838,86075,4.2,4886,2538,2348,1330,781,549,76.5,4,7786,9557,4878,0.354,0.6,151,2302,5203,79,40,22,12,5,29,579,639,6514,100,0,0,100,0
Selangor,P.098 Gombak,10,P.098,2020,265,349207,321798,27409,181250,167957,79.61826985,10.0867625,8.389424422,1.905543229,28.4,66.8,4.8,66.8,85320,82188,4.2,4714,2530,2184,1289,779,510,76.4,3.9,8416,11565,5249,0.395,0.3,181,3478,9370,138,86,26,17,9,42,800,1060,11175,100,0,0,100,0
Selangor,P.099 Ampang,10,P.099,2020,51,204469,185978,18491,106579,97890,67.07567562,24.47870178,7.338502404,1.107120197,25.5,68,6.6,70.5,62726,56087,3.7,2794,1463,1331,762,451,311,74.9,5.6,9243,13591,6253,0.454,1.1,74,1486,4395,40,27,3,5,5,28,292,469,5232,100,0,0,100,0
Selangor,P.100 Pandan,10,P.100,2020,20,227413,209734,17679,122526,104887,51.55721056,40.21808577,7.41033881,0.814364862,21.3,71.8,7,74.9,76213,69799,3.3,3080,1548,1532,834,476,358,77.7,5,8282,9495,5069,0.284,0.3,109,2207,7155,87,57,15,8,7,33,497,923,8084,100,0,0,100,0
Selangor,P.101 Hulu Langat,10,P.101,2020,620,347569,333562,14007,182145,165424,71.71710207,19.48723176,8.351071165,0.444595008,23.5,71.5,5,71.6,110398,95187,3.7,4682,2446,2236,1275,753,522,76,5.5,9044,10317,5284,0.312,0.9,170,1938,6974,83,53,16,7,7,34,815,886,7444,100,0,0,100,0
Selangor,P.102 Bangi,10,P.102,2020,184,687609,621840,65769,365107,322502,62.22629615,28.72941593,8.438183456,0.606104464,21.4,73.7,4.9,74.2,201487,182471,3.8,9110,4698,4412,2477,1446,1031,76.1,4.5,8335,10265,5275,0.339,0.4,436,4557,15553,171,102,24,22,23,82,1726,2048,17046,100,0,0,100,0
Selangor,P.103 Puchong,10,P.103,2020,78,375181,339659,35522,198612,176569,49.380408,41.04616689,8.675465688,0.897959424,25.6,69.8,4.6,71.5,107968,97792,3.9,4979,2545,2434,1351,783,568,73.4,4.9,7545,10187,5715,0.403,2.1,318,3853,10302,104,75,9,9,11,49,1404,1663,11544,100,0,0,100,0
Selangor,P.104 Subang,10,P.104,2020,69,478154,431857,46297,257689,220465,36.79921826,48.94027421,13.42967695,0.830830576,18.5,72.5,9,76.9,144677,127099,3.7,6425,3254,3171,1742,1001,741,75.2,4.9,9944,12747,6927,0.374,0.3,607,7223,22038,246,164,25,33,24,122,1777,2678,25882,100,0,0,100,0
Selangor,P.105 Petaling Jaya,10,P.105,2020,55,362290,324429,37861,193587,168703,52.01477057,32.37133548,14.74344155,0.870452395,20,72.5,7.5,76.3,109346,97421,3.7,4989,2549,2440,1356,786,570,75,5,8942,12464,6292,0.441,1.1,839,8059,23855,279,181,34,36,28,143,1399,2151,29763,100,0,0,100,0
Selangor,P.106 Damansara,10,P.106,2020,65,468939,437039,31900,242937,226002,33.70843334,57.75708804,7.675745185,0.858733431,23.1,67.6,9.3,72.5,137145,122621,3.8,6279,3308,2971,1713,1019,694,76,5.1,9485,12414,7139,0.399,0.6,730,8305,21305,234,170,18,11,35,97,1946,1934,27229,100,0,0,100,0
Selangor,P.107 Sungai Buloh,10,P.107,2020,133,347092,319576,27516,183455,163637,71.15021153,20.68615916,7.60257341,0.561055899,22.9,72.5,4.5,72.9,100120,92584,4,4580,2347,2233,1244,723,521,74.1,4,7208,11489,6949,0.46,1.6,269,3411,8930,117,81,15,9,12,42,1122,1032,10607,100,0,0,100,0
Selangor,P.108 Shah Alam,10,P.108,2020,140,438745,398607,40138,234332,204413,74.53255964,17.02880281,7.967998555,0.470639,20.4,74,5.6,76,127353,124773,3.9,5726,2912,2814,1553,896,657,74.9,3.8,10453,13567,7225,0.395,0.3,431,3992,13005,160,102,30,17,11,69,1175,1555,15100,100,0,0,100,0
Selangor,P.109 Kapar,10,P.109,2020,362,314033,280092,33941,173549,140484,77.93117976,10.69362924,10.8803536,0.494837411,21.3,72.4,6.2,73.7,81703,74747,4.1,4172,2069,2103,1129,637,492,75.7,4.4,6536,7953,5148,0.353,2.8,434,3908,9129,147,88,28,20,11,40,1362,929,11298,100,0,0,100,0
Selangor,P.110 Klang,10,P.110,2020,162,297837,271414,26423,161299,136538,41.07562617,37.31458215,20.14597626,1.463815426,19.5,70.2,10.3,76,82884,71762,4.1,3968,2012,1956,1075,619,456,76.9,4.6,8251,10369,5518,0.375,1.4,358,3922,10791,209,146,30,21,12,53,1178,1130,12807,100,0,0,100,0
Selangor,P.111 Kota Raja,10,P.111,2020,141,523094,478924,44170,279087,244007,50.5234651,26.39938696,22.52278023,0.554367708,22.5,70.4,7.1,73.1,148807,129111,4,6952,3586,3366,1891,1104,787,74.6,3.6,8584,11015,5877,0.383,1.7,346,4037,13103,201,133,28,12,28,37,1311,1422,14902,100,0,0,100,0
Selangor,P.112 Kuala Langat,10,P.112,2020,582,247093,237796,9297,128315,118778,67.28414271,19.93935979,12.40475029,0.371747212,20.7,72.2,7.1,74.6,78393,65910,3.7,3260,1730,1530,890,533,357,76.3,3.4,7096,8717,4967,0.339,2.6,124,1349,4995,178,133,31,7,7,18,410,592,5421,100,0,0,100,0
Selangor,P.113 Sepang,10,P.113,2020,841,384244,346112,38132,206317,177927,71.25410272,18.44662999,9.417182877,0.882084412,19,74.6,6.4,76.9,144963,113686,3.2,4902,2566,2336,1337,790,547,74.7,3.6,8398,11724,5617,0.4,0.7,191,1846,5914,161,92,54,11,4,21,441,629,7126,100,0,0,100,0
Negeri Sembilan,P.126 Jelebu,5,P.126,2020,1717,64200,60747,3453,34396,29804,76.21775561,17.75560933,5.590399526,0.436235534,29.2,60.9,9.9,65.3,18859,15662,4,890,447,443,363,203,160,64.7,4,4031,5341,3738,0.363,6.2,120,2141,6069,82,60,13,6,3,7,94,258,1481,100,0,0,100,0
Negeri Sembilan,P.127 Jempol,5,P.127,2020,1125,108379,103578,4801,56097,52282,66.37316805,19.90866786,13.30687984,0.41128425,27,65.1,7.9,67.3,31266,27542,3.9,1537,804,733,630,366,264,62.3,3.9,3551,4907,3398,0.35,5.8,660,7195,17657,196,144,30,2,20,3,212,423,3288,100,0,0,100,0
Negeri Sembilan,P.128 Seremban,5,P.128,2020,493,272520,249455,23065,140509,132011,62.50265579,23.91132669,13.0624762,0.52354132,23.7,69.6,6.7,71.5,89957,72558,3.7,3824,2004,1820,1569,915,654,64.3,3.6,5533,7601,4938,0.393,4.5,94,2636,9377,155,99,33,16,7,24,895,1049,8663,100,0,0,100,0
Negeri Sembilan,P.129 Kuala Pilah,5,P.129,2020,1026,71004,69210,1794,36357,34647,80.95361942,13.37234504,5.367721428,0.306314116,23.1,68.5,8.4,72.1,24214,18934,3.5,1070,566,504,439,259,180,62.2,4.1,3587,5040,3909,0.366,8.3,493,6957,19228,59,36,13,4,6,7,180,383,2524,100,0,0,100,0
Negeri Sembilan,P.130 Rasah,5,P.130,2020,234,256585,243617,12968,131535,125050,46.01485118,34.17864927,19.05778332,0.748716223,23.6,69.5,6.8,71.3,81671,69670,3.7,3649,1908,1741,1497,871,626,64.3,3.8,5759,8173,5170,0.398,1.8,72,1366,4517,188,125,28,12,23,37,667,1236,9892,100,0,0,100,0
Negeri Sembilan,P.131 Rembau,5,P.131,2020,635,210209,199489,10720,109870,100339,78.91813584,7.138739479,13.60526144,0.337863241,25.6,69.6,4.9,69.5,69055,56124,3.7,3001,1548,1453,1227,706,521,64.2,3.6,5085,6297,3916,0.351,4.2,187,2879,11658,153,83,53,8,9,7,380,745,4261,99.2,0.8,0,100,0
Negeri Sembilan,P.132 Port Dickson,5,P.132,2020,571,128954,122844,6110,68409,60545,55.19602097,25.47784182,18.69932597,0.62681124,26,68.2,5.8,68.6,50523,32774,3.8,1859,945,914,758,431,327,64.2,4,4959,6393,4083,0.378,4.3,617,7254,22345,159,77,50,24,8,14,240,624,3824,100,0,0,100,0
Negeri Sembilan,P.133 Tampin,5,P.133,2020,861,88123,83289,4834,46801,41322,62.5424726,23.22275451,13.94421832,0.290554575,28.7,63.4,7.9,66.3,27086,22233,3.9,1264,643,621,516,293,223,65.9,4.1,4325,5762,3694,0.386,4.8,198,2671,8098,115,79,22,3,11,6,240,393,2843,100,0,0,100,0
Melaka,P.134 Masjid Tanah,4,P.134,2020,325,95689,90536,5153,48380,47309,90.49549351,6.136785367,3.049615623,0.318105505,20.9,71.6,7.5,72.8,30358,24521,3.6,1397,743,654,549,320,229,69.6,2.4,5060,6770,4334,0.375,5.2,257,4155,12395,67,30,27,6,4,1,71,185,1454,100,0,0,100,0
Melaka,P.135 Alor Gajah,4,P.135,2020,560,171073,155850,15223,89869,81204,73.33718319,15.48283606,10.89316651,0.286814244,18.2,75.8,6,70.9,48113,47982,3.6,1957,976,981,767,419,348,69.3,2.6,5989,7188,4839,0.341,2.9,235,3813,11093,115,75,31,0,9,8,189,307,3168,100,0,0,100,0
Melaka,P.136 Tangga Batu,4,P.136,2020,121,198033,187981,10052,105772,92261,76.7923354,19.61315239,3.131167512,0.4633447,25.6,69.8,4.6,67.4,63350,51814,3.6,2851,1444,1407,1118,621,497,66,1.8,6101,7855,5368,0.374,5.9,123,1904,6550,61,42,8,4,7,6,405,476,3434,100,0,0,100,0
Melaka,P.137 Hang Tuah Jaya,4,P.137,2020,116,183693,169388,14305,95923,87770,68.35017829,25.84539637,5.279594776,0.524830567,33.3,61.3,5.4,61.2,57900,49224,3.6,2640,1367,1273,1038,589,449,65.4,2.3,6520,8837,5432,0.408,4.3,24,412,846,115,92,14,6,3,19,384,911,7158,100,0,0,100,0
Melaka,P.138 Kota Melaka,4,P.138,2020,66,215409,200060,15349,112730,102679,53.39398181,41.87993602,3.636409077,1.089673098,20.4,71.8,7.8,73.1,75418,59117,3.5,3019,1592,1427,1190,685,505,66.1,2.4,6100,7703,4792,0.381,2.9,11,157,1713,192,146,22,9,15,32,703,1115,9995,100,0,0,100,0
Melaka,P.139 Jasin,4,P.139,2020,479,134531,123546,10985,72268,62263,82.12002007,9.000696097,8.512618782,0.366665048,20,72.6,7.3,74.6,44614,34416,3.7,1977,1009,968,778,434,344,61.5,1.7,5682,7428,4830,0.386,2.7,42,529,3434,87,53,27,4,3,3,181,268,2128,100,0,0,100,0
Johor,P.140 Segamat,1,P.140,2020,941,76011,71225,4786,39404,36607,57.96560197,33.12881713,8.603720604,0.301860302,18.7,71.4,9.8,76.7,23470,19829,3.6,1135,611,524,413,253,160,70.9,3.8,5645,6587,4151,0.319,2.6,174,1894,8427,167,120,22,2,23,7,173,246,2304,100,0,0,100,0
Johor,P.141 Sekijang,1,P.141,2020,550,79347,75894,3453,41099,38248,60.50412417,34.92766227,4.30337049,0.264843071,22,67.2,10.8,73.2,25333,20658,3.7,1172,624,548,428,259,169,70.3,4.1,5440,6390,4194,0.334,3.4,12,301,2798,222,160,27,4,31,8,273,352,3146,100,0,0,100,0
Johor,P.142 Labis,1,P.142,2020,1374,42404,39002,3402,22697,19707,49.97436029,33.40341521,16.1966053,0.425619199,19.5,66.8,13.7,75.2,16235,12368,3.4,621,320,301,226,133,93,70.1,4.3,5636,6259,4033,0.274,2.4,158,2016,9584,84,56,8,2,18,2,87,89,1359,100,0,0,100,0
Johor,P.143 Pagoh,1,P.143,2020,1258,95202,83657,11545,53338,41864,72.76856689,23.86530715,3.085217017,0.28090895,18.8,72.9,8.3,76.6,26485,23231,3.8,1325,648,677,477,269,208,67,2.1,4785,5774,3698,0.31,6.9,45,684,4686,179,132,28,12,7,7,347,213,2289,100,0,0,100,0
Johor,P.144 Ledang,1,P.144,2020,653,147579,141228,6351,76299,71280,65.6562438,28.11482142,5.742487325,0.486447447,22.3,68.6,9.1,71.1,38901,34312,4.2,2042,1096,946,744,454,290,64.5,2.9,5710,6757,4248,0.323,3.2,56,772,3929,221,159,41,10,11,10,375,394,3727,99.8,0.2,0,100,0
Johor,P.145 Bakri,1,P.145,2020,191,135179,118852,16327,75431,59748,50.33066335,47.38077609,1.982297311,0.306263252,23.5,70,6.6,71.1,33589,27944,4.4,1903,933,970,686,389,297,68,2.8,6164,8007,5183,0.361,3.4,34,489,3002,261,209,24,8,20,13,860,539,6190,99.4,0.6,0,100,0
Johor,P.146 Muar,1,P.146,2020,268,100265,92569,7696,53459,46806,69.55244196,29.42129655,0.860979378,0.165282114,25.1,68.4,6.5,68.8,24443,22294,4.2,1349,697,652,489,289,200,67.1,2.4,6361,7638,5359,0.338,4.2,13,259,1464,102,82,10,7,3,1,222,182,2231,99.3,0.7,0,100,0
Johor,P.147 Parit Sulong,1,P.147,2020,468,82399,79248,3151,43007,39392,89.08868363,10.3598829,0.241015546,0.310417929,21.5,69.3,9.2,72.3,21271,18883,4.2,1145,606,539,418,252,166,69.6,2.7,5738,6961,4485,0.29,5.2,49,584,3053,163,114,32,11,6,1,324,220,3026,100,0,0,100,0
Johor,P.148 Ayer Hitam,1,P.148,2020,747,71785,69117,2668,37836,33949,64.94928889,31.55663585,3.159859369,0.334215895,22.1,69.5,8.4,71.6,21704,17922,4,1032,540,492,375,224,151,69.8,2.5,6094,6453,4123,0.244,2.7,60,946,3284,149,95,42,4,8,8,252,143,2555,100,0,0,100,0
Johor,P.149 Sri Gading,1,P.149,2020,300,175154,157464,17690,94562,80592,70.14682721,27.59106843,1.766753036,0.495351318,19.7,75.9,4.4,75,40464,38565,4.1,2200,1108,1092,796,460,336,70.1,2,7088,8227,4594,0.316,2.3,128,1821,6361,103,73,20,6,4,5,394,314,3503,100,0,0,100,0
Johor,P.150 Batu Pahat,1,P.150,2020,446,166000,159314,6686,86204,79796,56.75521298,41.82683254,1.100342719,0.31761176,22.9,68.5,8.6,70.7,46047,40882,3.9,2261,1204,1057,823,499,324,70.6,1.9,6450,7265,4571,0.286,2.5,155,2836,8753,221,150,42,20,9,12,689,518,6314,100,0,0,100,0
Johor,P.151 Simpang Renggam,1,P.151,2020,751,76286,65935,10351,43047,33239,67.51952681,24.72738303,7.085766285,0.66732388,22.8,69.6,7.6,72.3,21150,18636,3.8,1070,519,551,385,216,169,71.2,4.8,4213,5237,3307,0.354,9.9,26,407,2170,114,85,18,8,3,4,151,180,1280,100,0,0,100,0
Johor,P.152 Kluang,1,P.152,2020,256,183855,169394,14461,98809,85046,52.87849629,37.64714217,9.074701583,0.399659964,23.9,67.9,8.2,71.1,55050,47305,3.7,2659,1367,1292,964,567,397,71.5,4.4,5257,6286,3824,0.327,3.6,33,500,2296,320,250,29,11,30,17,476,634,5038,100,0,0,100,0
Johor,P.153 Sembrong,1,P.153,2020,1865,63621,54652,8969,37458,26163,68.30857059,22.40357169,8.779184659,0.508673059,21.5,69.7,8.8,73.9,17901,16052,3.7,872,399,473,311,166,145,71,5,4541,5279,3396,0.306,5.4,38,710,3174,95,77,10,1,7,1,119,117,965,100,0,0,100,0
Johor,P.154 Mersing,1,P.154,2020,2849,78195,74072,4123,41939,36256,88.9499406,9.610919106,1.16643266,0.272707636,24,67.9,8.1,71,21815,20673,3.6,1107,571,536,401,237,164,60.4,3.5,3896,4937,3225,0.377,12.1,6,223,1356,85,45,15,21,4,4,94,257,1392,98.3,0,1.7,100,0
Johor,P.155 Tenggara,1,P.155,2020,1152,94174,89286,4888,49079,45095,79.58246534,14.5924333,5.332302937,0.492798423,24.8,68.2,7,70.1,28953,24665,3.8,1395,737,658,509,306,203,69.4,3.2,5553,7411,4159,0.359,5.1,45,595,2337,148,110,13,9,16,19,158,344,1922,100,0,0,100,0
Johor,P.156 Kota Tinggi,1,P.156,2020,1446,57377,52962,4415,30497,26880,95.77621691,3.11544126,0.747705902,0.360635928,23.4,65.3,11.4,72.1,17147,14867,3.8,842,435,407,306,181,125,69.6,3.5,4480,5895,3444,0.355,9.7,36,828,3795,82,48,18,14,2,6,115,141,1482,94.9,5.1,0,100,0
Johor,P.157 Pengerang,1,P.157,2020,885,70831,66327,4504,38846,31985,93.16718682,5.956850152,0.578949749,0.297013283,22.3,67.9,9.9,71.8,24215,18254,3.7,945,477,468,341,197,144,70.1,3.9,5609,7126,4030,0.357,4.4,74,1703,5991,46,25,6,15,0,8,96,108,1146,100,0,0,100,0
Johor,P.158 Tebrau,1,P.158,2020,502,475267,440886,34381,253333,221934,53.09014122,38.73427598,7.454761548,0.720821255,26.2,70.7,3,69.2,157077,127720,3.6,6896,3566,3330,2503,1480,1023,72.8,3.6,7142,8706,5116,0.356,3.7,33,518,2154,192,117,27,39,9,42,2129,1433,11854,99.9,0,0,99.9,0
Johor,P.159 Pasir Gudang,1,P.159,2020,148,360621,332151,28470,194327,166294,60.16661097,31.84906865,7.234661344,0.749659041,26.3,70.7,2.9,69.2,115460,98468,3.5,5280,2693,2587,1911,1117,794,72.8,4.3,6783,8652,4511,0.382,4.9,41,699,2952,121,67,13,32,9,31,1181,997,9314,100,0,0,100,0
Johor,P.160 Johor Bahru,1,P.160,2020,35,177823,165082,12741,92239,85584,54.751578,38.46149186,6.002471499,0.784458633,21.7,71.5,6.7,74.4,70825,53460,3.2,2576,1365,1211,938,566,372,73.6,3.5,6625,9993,5664,0.454,3.4,38,561,2458,143,103,13,16,11,28,510,655,7739,100,0,0,100,0
Johor,P.161 Pulai,1,P.161,2020,73,291876,273983,17893,151870,140006,47.32300909,40.66201188,11.51932784,0.49565119,26.6,68.9,4.5,69.1,104883,77387,3.6,4212,2230,1982,1534,925,609,72.8,3.7,8286,9559,5827,0.334,1.1,54,830,3369,369,252,54,48,15,40,1011,1763,14557,100,0,0,100,0
Johor,P.162 Iskandar Puteri,1,P.162,2020,294,447697,417166,30531,235812,211885,47.65249325,39.54109395,12.39530547,0.411107329,27.7,68.5,3.8,67.1,171063,114386,3.7,6370,3309,3061,2314,1373,941,73.3,3.8,7815,10110,6275,0.392,2.4,70,1531,6078,117,72,21,18,6,27,1079,1104,9825,100,0,0,100,0
Johor,P.163 Kulai,1,P.163,2020,737,287404,241054,46350,157468,129936,53.68423673,35.3066118,10.42919844,0.57995304,20.5,74.6,5,74.6,74762,66447,3.7,3900,1992,1908,1413,827,586,66.6,3.7,6834,8185,4802,0.331,4.2,39,373,1272,174,127,19,12,16,22,957,654,5916,100,0,0,100,0
Johor,P.164 Pontian,1,P.164,2020,444,81778,77470,4308,42822,38956,77.6971731,21.32051117,0.61830386,0.364011876,23.6,65.8,10.6,71.1,22388,20323,4,1191,627,564,434,260,174,66.3,4.3,5692,6636,3836,0.335,4.9,82,1452,4848,103,64,35,2,2,2,155,261,2021,100,0,0,100,0
Johor,P.165 Tanjung Piai,1,P.165,2020,486,91540,82513,9027,50425,41115,66.7494819,31.62047193,1.076194054,0.55385212,22.9,69.1,8.1,72.8,24304,22196,3.9,1320,660,660,476,273,203,66.5,3.9,5118,6904,3751,0.369,6.6,23,208,1007,79,24,22,31,2,1,268,151,1530,100,0,0,100,0
Sabah,P.167 Kudat,12,P.167,2020,2300,92554,83634,8920,47330,45224,94.12439917,5.410478992,0.06217567,0.40294617,28.6,63.3,8.1,64.7,23015,20235,4.5,1331,710,621,399,240,159,72.1,9.1,2346,3797,2505,0.439,47,22,289,1462,11,4,0,5,2,3,22,119,1521,76.9,2,21.1,98.1,1.9
Sabah,P.168 Kota Marudu,12,P.168,2020,2282,99998,96192,3806,51228,48770,97.59647372,1.974176647,0.048860612,0.380489022,29.6,61.7,8.7,64.1,26062,22789,4.4,1423,758,665,424,256,168,72.7,8.6,2424,3739,2376,0.431,44.2,28,401,2062,19,15,1,1,2,0,26,136,1575,80.4,0.2,19.4,99.8,0.2
Sabah,P.169 Kota Belud,12,P.169,2020,1372,107243,103170,4073,53945,53298,97.80847145,1.748570321,0.075603373,0.367354851,26.3,63.3,10.3,66.6,21393,20823,5.1,1555,840,715,464,284,180,62.8,9.7,3025,4377,2371,0.412,34.1,10,268,1487,8,6,0,1,1,0,32,261,2091,71.6,2,26.4,99.7,0.3
Sabah,P.170 Tuaran,12,P.170,2020,1126,134976,127406,7570,68540,66436,96.79763904,2.36017142,0.12479789,0.717391646,25.9,67.1,7,67.7,34024,29136,4.6,1919,1030,889,571,346,225,65.1,5.9,3747,5089,2932,0.383,16.3,22,202,1152,20,9,5,6,0,2,49,193,2088,80.5,0.3,19.2,100,0
Sabah,P.171 Sepanggar,12,P.171,2020,317,336253,280746,55507,171500,164753,85.6421819,12.81763587,0.434556503,1.105625726,25.6,70.1,4.3,69.4,76661,76273,4.4,4935,2613,2322,1464,875,589,72.9,6.3,5447,7076,3123,0.386,9.8,390,3571,11300,184,97,21,35,31,43,536,1187,8618,90.3,1.9,7.8,99.9,0.1
Sabah,P.172 Kota Kinabalu,12,P.172,2020,26,114202,95460,18742,59181,55021,62.2176828,36.41734758,0.669390321,0.6955793,19,71.6,9.4,76.7,25976,27100,4.2,1616,834,782,479,281,198,73.1,6.5,7220,8846,4290,0.352,1.6,335,2988,7899,354,184,26,42,102,80,294,1158,12832,97.1,2.9,0,100,0
Sabah,P.173 Putatan,12,P.173,2020,58,115203,98121,17082,59085,56118,91.46360106,6.840533627,0.40562163,1.290243679,25.9,68.3,5.8,68.7,27162,25431,4.5,1665,883,782,496,298,198,73,7.5,5008,6819,3172,0.379,11.7,163,2054,6581,17,8,3,2,4,9,87,167,2958,98.6,1.4,0,100,0
Sabah,P.174 Penampang,12,P.174,2020,492,178499,158591,19908,94857,83642,74.74762124,23.69995775,0.380853895,1.171567113,21.3,71.9,6.8,73.6,47840,44590,3.8,2540,1321,1219,755,446,309,67.2,8.7,5535,6643,3230,0.324,4.2,364,4257,12597,76,46,4,13,13,14,167,493,4146,97.1,0.5,2.4,100,0
Sabah,P.175 Papar,12,P.175,2020,610,106765,98452,8313,56184,50581,94.37187665,4.718035185,0.122902531,0.787185634,22.9,71,6.1,70.4,26178,22398,4.6,1596,834,762,475,281,194,66.6,7.2,4665,5843,2899,0.352,12.1,213,2642,9046,10,4,5,1,0,3,48,103,1490,98,0,2,100,0
Sabah,P.176 Kimanis,12,P.176,2020,949,50408,45850,4558,25986,24422,97.91057797,1.58778626,0.056706652,0.444929117,21.3,71.1,7.5,72.4,10517,10419,4.8,723,377,346,216,128,88,66.8,8.1,4050,5359,2578,0.391,18.4,212,1663,5521,12,10,2,0,0,2,29,124,778,92.2,1.9,5.9,100,0
Sabah,P.177 Beaufort,12,P.177,2020,871,52107,48502,3605,26390,25717,94.44765164,4.486412931,0.171126964,0.894808462,24,66.8,9.2,69.1,13325,11159,4.7,747,401,346,223,135,88,66.2,6.3,3260,4444,2547,0.368,28,23,437,2030,7,5,0,2,0,1,37,138,1645,86.2,8.9,4.9,99.6,0.4
Sabah,P.178 Sipitang,12,P.178,2020,3715,66583,60458,6125,34389,32194,95.42492309,3.921730788,0.124053062,0.529293063,25.9,65.7,8.4,67.9,15839,14682,4.5,943,497,446,281,168,113,66,6.4,3944,5148,2391,0.341,10.4,44,446,1515,17,5,0,0,12,0,36,122,1238,96.3,1.5,2.2,100,0
Sabah,P.179 Ranau,12,P.179,2020,3891,86084,79745,6339,44659,41425,98.64192112,0.949275817,0.045143896,0.363659164,23.9,69.9,6.2,69.1,18134,16765,5.1,1425,748,677,424,253,171,75.5,8.8,3519,4669,2648,0.393,26.8,54,829,2144,13,11,1,0,1,2,17,216,1761,36.3,2.5,61.2,100,0
Sabah,P.180 Keningau,12,P.180,2020,2231,129882,117554,12328,66395,63487,93.13847253,5.813498477,0.113990166,0.934038825,27.8,66.1,6.1,66.4,32215,30366,4.3,1879,1004,875,561,339,222,61.9,6.3,4150,5550,2884,0.38,14.7,11,234,1407,101,50,6,0,45,6,119,270,2888,77.6,3.9,18.5,100,0
Sabah,P.181 Tenom,12,P.181,2020,2457,50230,48026,2204,25806,24424,96.0438096,3.454378878,0.047890726,0.453920793,25.6,67.2,7.3,66.8,12238,10672,4.7,738,391,347,220,132,88,61.5,6.1,3525,4734,2606,0.347,17.2,11,228,1493,6,4,1,1,0,1,41,112,718,54.3,0.9,44.8,100,0
Sabah,P.182 Pensiangan,12,P.182,2020,8897,82499,73991,8508,43476,39023,98.60658729,1.019042857,0.031084862,0.343284994,26.7,68.1,5.2,66,18757,17066,4.8,1286,672,614,384,227,157,68.8,8,3636,4359,2415,0.302,31.1,5,150,2214,23,18,2,0,3,0,16,71,525,52.4,12.4,35.2,100,0
Sabah,P.183 Beluran,12,P.183,2020,7448,101066,59032,42034,54712,46354,97.57080905,0.628472693,0.215137553,1.585580702,28.5,68.6,2.9,67,30227,26214,3.8,1441,730,711,426,246,180,72.9,8.2,2848,4169,1848,0.407,43.3,12,231,2073,37,36,0,0,1,0,21,120,908,46.6,5.8,47.7,96.8,3.2
Sabah,P.184 Libaran,12,P.184,2020,930,171452,122828,48624,87215,84237,86.72778194,11.02435927,0.210049826,2.037808969,27.8,66.9,5.3,65,36450,33319,5.1,2407,1290,1117,720,436,284,74.4,8,4704,5616,2885,0.363,20.2,318,2312,7605,243,207,11,5,20,2,105,154,2210,95,0,5,99.8,0.2
Sabah,P.185 Batu Sapi,12,P.185,2020,454,119698,85136,34562,62508,57190,75.89151475,22.08583913,0.274854351,1.747791768,23.5,70.5,5.9,69.7,21873,21273,5.5,1750,910,840,520,307,213,74.3,7.7,5017,6426,3571,0.387,13.7,231,2134,12033,212,161,5,14,32,4,90,163,2341,100,0,0,100,0
Sabah,P.186 Sandakan,12,P.186,2020,23,121672,82111,39561,62345,59327,73.11687837,25.00517592,0.397023541,1.480922166,24.4,69,6.6,68.8,22999,22587,5.3,1724,918,806,514,310,204,74.4,8.1,5191,6963,3759,0.416,16.8,48,492,2543,281,233,5,21,22,10,151,174,3618,99.1,0.5,0.5,100,0
Sabah,P.187 Kinabatangan,12,P.187,2020,18068,216087,79593,136494,118889,97198,95.02343171,0.66337492,0.143228676,4.169964695,29.8,68.1,2.1,65,50371,48388,4.5,3067,1516,1551,905,511,394,68.3,9.7,2973,4310,1916,0.408,41.7,88,974,3753,57,56,0,0,1,0,26,36,869,56.9,0,43.1,96.2,3.8
Sabah,P.188 Lahad Datu,12,P.188,2020,8594,299550,180519,119031,159843,139707,90.0996571,5.93954099,0.26202228,3.69877963,28.5,68.1,3.4,66.3,63360,61478,4.8,4167,2128,2039,1234,718,516,71.4,9.7,4075,5644,2763,0.373,19.9,7,172,1448,492,421,5,49,17,11,182,316,4873,78.1,0.1,21.8,99.9,0.1
Sabah,P.189 Semporna,12,P.189,2020,1126,166587,102740,63847,85401,81186,98.00856531,0.980144053,0.076893128,0.934397508,34,61.7,4.2,58.8,31553,29042,5.7,2350,1249,1101,700,421,279,62.5,10.1,3542,5933,2599,0.474,31.5,3,83,840,25,17,0,8,0,0,25,136,1373,90.3,0.7,9,99.7,0.3
Sabah,P.190 Tawau,12,P.190,2020,1332,230531,155447,75084,120678,109853,77.93202828,17.2084376,0.239953167,4.61958095,27.8,67.4,4.8,66.5,47607,45694,5,3306,1717,1589,982,579,403,75.1,7,4494,6202,2554,0.388,13.5,9,148,1648,598,462,23,58,55,12,234,481,5507,98.9,0.1,1,100,0
Sabah,P.191 Kalabakan,12,P.191,2020,4551,188656,125038,63618,99264,89392,88.84499112,8.365456901,0.207936787,2.581615189,26.9,68,5.1,67.6,43247,40302,4.6,2677,1375,1302,792,463,329,68.1,10,4265,6222,2941,0.385,14.8,7,139,1248,135,110,2,7,16,3,78,194,2550,98,0.5,1.4,99.7,0.3
Sarawak,P.192 Mas Gading,13,P.192,2020,1481,51434,48849,2585,27193,24241,85.19519335,14.36672194,0.155581486,0.282503224,21,69.9,9.1,73.5,15913,11991,4.3,766,389,377,304,174,130,66.7,3.3,3843,4857,2940,0.342,9.5,10,187,1786,39,25,8,5,1,5,27,27,880,75.5,0,24.5,100,0
Sarawak,P.193 Santubong,13,P.193,2020,1501,117751,115123,2628,59689,58062,90.91406583,8.861826047,0.075571345,0.148536782,24.6,69.6,5.8,69.9,33334,26883,4.4,1715,912,803,684,406,278,64.7,4.5,4801,5784,3378,0.345,11.7,30,529,2758,55,28,10,11,6,13,300,258,2735,90.8,0.4,8.7,99.8,0.2
Sarawak,P.194 Petra Jaya,13,P.194,2020,126,150813,149617,1196,75216,75597,86.91124672,12.50526344,0.377630884,0.20585896,22.9,70.6,6.6,71.4,42218,34133,4.4,2201,1184,1017,880,528,352,64.8,4.5,6336,7665,4260,0.363,6.1,6,112,744,116,67,18,17,14,49,301,758,6173,98.5,0.4,1.1,100,0
Sarawak,P.195 Bandar Kuching,13,P.195,2020,35,116280,113020,3260,58483,57797,34.5876836,64.52663245,0.523801097,0.361882853,19,69,12.1,77,35812,30221,3.9,1680,897,783,671,400,271,64.6,4.7,5473,7712,4457,0.418,4.3,4,75,551,263,157,16,38,52,121,696,1752,14188,99,1,0,100,0
Sarawak,P.196 Stampin,13,P.196,2020,194,212217,208809,3408,107718,104499,41.68354812,57.42137552,0.61539493,0.279681431,20.6,70.9,8.4,74.1,66734,50187,4.2,3088,1635,1453,1232,730,502,67.1,4.8,6089,7765,4465,0.364,3,8,113,935,123,69,25,8,21,43,342,971,6774,98.2,1.4,0.5,100,0
Sarawak,P.197 Kota Samarahan,13,P.197,2020,745,158521,157010,1511,77491,81030,85.31176358,14.04114388,0.451563595,0.195528947,22.9,72.1,4.9,72.1,49252,43953,3.8,2241,1217,1024,897,543,354,64.6,4.7,5281,6406,3723,0.343,7.7,98,619,1918,55,28,18,5,4,6,105,156,2401,97,2.5,0.5,99.9,0.1
Sarawak,P.198 Puncak Borneo,13,P.198,2020,1328,80780,79770,1010,42097,38683,81.74627053,17.93155322,0.164222139,0.157954118,22.6,68.7,8.8,71.9,26067,18499,4.3,1199,615,584,477,275,202,64.6,5,3780,4920,2960,0.348,11,82,552,2107,48,13,32,1,2,1,51,54,1655,87.1,1.8,11.1,99.4,0.6
Sarawak,P.199 Serian,13,P.199,2020,1463,61744,60623,1121,31570,30174,93.00595484,6.763109711,0.143509889,0.087425565,21.3,68.8,10,72.5,18892,14711,4.2,887,464,423,353,207,146,64.5,4.9,3274,4558,2643,0.387,20.8,102,800,3241,52,31,17,1,3,0,55,97,1290,66.3,2.7,31,99.6,0.4
Sarawak,P.200 Batang Sadong,13,P.200,2020,1031,33694,31438,2256,17644,16050,95.97620714,3.661174375,0.022266047,0.34035244,23.2,67.3,9.5,71,9661,8308,4.1,488,251,237,192,111,81,70.1,4.4,2935,4089,2324,0.377,18.4,22,116,819,13,11,1,1,0,0,13,50,550,74.3,5.1,20.5,98.7,1.3
Sarawak,P.201 Batang Lupar,13,P.201,2020,1990,38339,37567,772,19659,18680,97.70809487,1.983123486,0.002661911,0.306119733,26.8,63.6,9.6,67.8,10843,8829,4.4,568,298,270,226,133,93,69.9,4.1,2579,3316,2324,0.325,28.4,151,1224,4280,16,14,0,1,1,2,15,53,381,80.8,2.7,16.6,99.6,0.4
Sarawak,P.202 Sri Aman,13,P.202,2020,2678,62863,60892,1971,32804,30059,87.90153058,11.7716613,0.042698548,0.284109571,20.7,67.7,11.7,74.8,19636,14436,4.3,953,489,464,378,218,160,70.1,4.5,3383,4496,2823,0.367,9.3,9,243,1292,19,14,1,1,3,0,34,133,893,69.9,1.8,28.4,99.8,0.2
Sarawak,P.203 Lubok Antu,13,P.203,2020,3294,26780,26076,704,13632,13148,94.48918546,5.338242062,0.03834944,0.13422304,18.8,67.5,13.6,76.3,8985,7071,3.8,401,212,189,159,94,65,68.2,4,2820,3809,2785,0.361,8.8,161,1543,4985,6,2,1,1,2,1,5,43,285,72.7,0,27.3,100,0
Sarawak,P.204 Betong,13,P.204,2020,1398,34630,34259,371,18030,16600,96.11197058,3.759596019,0.02918941,0.099243994,21.5,68.5,10,73.1,11462,8311,4.2,516,266,250,205,119,86,61.3,5,2764,3996,2868,0.372,23,57,520,2324,16,15,0,1,0,1,24,112,537,78.9,2.4,18.8,99.6,0.4
Sarawak,P.205 Saratok,13,P.205,2020,1666,41339,40985,354,20566,20773,95.05428815,4.826155911,0.014639502,0.104916433,19.7,70.4,9.9,75.4,13048,9672,4.3,622,335,287,249,150,99,67.6,4.4,3004,3829,2747,0.345,17.6,6,97,863,11,10,0,1,0,0,18,74,621,89.8,3.8,6.4,100,0
Sarawak,P.206 Tanjong Manis,13,P.206,2020,2024,32768,30832,1936,16991,15777,93.52296316,6.159185262,0.06486767,0.252983913,23,68.8,8.2,71.9,12626,9122,3.6,483,251,232,192,112,80,65.9,4,2991,3803,2795,0.337,14.8,58,437,2793,12,8,3,0,1,1,36,109,933,85.5,0.2,14.3,100,0
Sarawak,P.207 Igan,13,P.207,2020,2206,27388,24084,3304,14682,12706,97.2678957,2.362564358,0.016608537,0.352931407,23.6,68.4,8,71.2,10226,8448,3.2,407,203,204,161,91,70,66.3,5.9,2980,3968,2506,0.37,21.8,89,972,6148,11,10,1,0,0,0,11,99,432,87.6,0,12.4,99.6,0.4
Sarawak,P.208 Sarikei,13,P.208,2020,712,43119,42361,758,21696,21423,49.57153986,50.14282005,0.033049267,0.252590826,23.2,67.6,9.2,71.1,16303,11359,3.8,638,342,296,255,152,103,66.3,5,3499,4725,3063,0.381,9.1,297,2972,13328,67,49,6,6,6,1,93,180,1740,97.6,0.1,2.2,99.7,0.3
Sarawak,P.209 Julau,13,P.209,2020,2858,35126,35046,80,17957,17169,94.27894767,5.541288592,0.008560178,0.171203561,22.6,67.5,9.9,71.6,11470,8342,4.2,519,272,247,207,122,85,72,4.6,2625,3286,2524,0.343,18.1,114,1385,6575,9,7,1,0,1,0,2,44,177,61.5,0,38.5,100,0
Sarawak,P.210 Kanowit,13,P.210,2020,2187,24700,24233,467,12349,12351,91.02050922,8.835059629,0.016506417,0.127924731,23.5,65,11.5,70.5,9744,6720,3.7,360,193,167,144,86,58,68.8,4.8,2670,3480,2497,0.387,21.9,27,381,2254,9,8,1,0,0,0,9,23,257,71.9,4.9,23.2,99.1,0.9
Sarawak,P.211 Lanang,13,P.211,2020,722,104930,102663,2267,52980,51950,55.69971655,44.00416898,0.060391767,0.235722704,21.9,70,8.1,72.6,35113,27123,3.9,1508,801,707,603,359,244,65.4,5.3,4468,5658,3528,0.354,10.8,12,151,1625,383,179,31,10,163,19,371,396,4674,98.1,1.8,0.2,99.9,0.1
Sarawak,P.212 Sibu,13,P.212,2020,1399,141574,130707,10867,74033,67541,46.57133895,52.98339033,0.142303014,0.302967706,20.1,71.8,8.1,75,49188,38946,3.6,1991,1040,951,792,463,329,68.3,3.5,5099,6592,3741,0.37,4,12,136,1323,328,167,21,13,127,14,391,506,5751,96.4,1.1,2.5,100,0
Sarawak,P.213 Mukah,13,P.213,2020,2985,60805,54006,6799,31614,29191,91.98237233,7.793578491,0.059252676,0.164796504,23,69.3,7.7,72,19214,16520,3.7,896,465,431,357,208,149,67.2,3.4,3830,5210,2977,0.379,10.3,,52,566,30,24,2,1,3,4,27,78,784,80.9,1.9,17.2,99.7,0.3
Sarawak,P.214 Selangau,13,P.214,2020,9193,51335,46873,4462,27721,23614,95.86969044,3.793228511,0.03413479,0.302946259,23.1,70.3,6.7,71.9,16426,13481,3.8,753,375,378,298,167,131,67.1,4.3,3445,4303,2696,0.349,11.1,8,30,412,17,14,1,0,2,0,22,38,439,47.1,1.2,51.7,99.4,0.6
Sarawak,P.215 Kapit,13,P.215,2020,6331,43981,43826,155,21837,22144,93.04066079,6.842969927,0.057043764,0.059325515,26.3,65.2,8.5,67.2,15710,11178,3.9,645,348,297,257,154,103,67.1,5.8,2976,4028,3178,0.356,4.7,8,166,885,7,0,1,0,6,2,22,102,731,48,3.7,48.2,100,0
Sarawak,P.216 Hulu Rajang,13,P.216,2020,34080,43394,36901,6493,25333,18061,97.63692041,1.804829137,0.054199073,0.504051381,20.4,74.5,5.1,74.4,17083,14077,3.2,604,276,328,242,128,114,68.8,4.5,3574,4320,2407,0.316,6.1,1,25,313,4,3,0,1,0,0,2,13,152,37.9,0.2,61.9,99.5,0.5
Sarawak,P.217 Bintulu,13,P.217,2020,8300,235099,199185,35914,129002,106097,82.10758842,17.29999749,0.149107614,0.443306474,22.8,73.9,3.3,71.9,66360,59697,3.9,3305,1616,1689,1305,721,584,70.1,3.5,6368,7654,3653,0.34,2.4,5,84,588,313,216,14,10,73,27,314,755,6454,89.1,0.1,10.7,99.9,0.1
Sarawak,P.218 Sibuti,13,P.218,2020,1576,70984,64994,5990,37172,33812,86.72031264,12.71040404,0.149244546,0.420038773,21.7,71.8,6.5,72.5,22589,18138,4,1007,516,491,400,230,170,64,3.6,4704,5834,2729,0.335,7.9,5,61,642,76,56,11,1,8,6,54,86,1037,99,1,0,100,0
Sarawak,P.219 Miri,13,P.219,2020,771,206125,194508,11617,108479,97646,64.97059247,34.38316162,0.319267074,0.326978839,19.6,74.1,6.3,75.2,68212,51506,3.9,2912,1493,1419,1157,666,491,67.4,3.2,6176,7602,4140,0.355,4,4,115,955,382,275,16,12,79,71,502,894,8464,99.1,0.9,0,99.7,0.3
Sarawak,P.220 Baram,13,P.220,2020,22075,63499,55494,8005,34008,29491,94.61022813,4.903232782,0.055861895,0.43067719,22.8,70.2,7,69,23190,16545,3.9,797,398,399,316,177,139,65.2,4.8,3267,4394,2379,0.366,14.4,4,28,507,8,6,0,0,2,0,13,31,601,53.2,0.5,46.3,99.8,0.2
Sarawak,P.221 Limbang,13,P.221,2020,4211,45061,43856,1205,23191,21870,88.02216344,11.66089019,0.07752645,0.23941992,25.7,67.3,7,68.5,13849,11069,4.1,669,346,323,267,155,112,68.2,5.6,4628,5989,3394,0.382,11,17,274,1776,22,11,2,0,9,6,44,92,1044,83.3,7.9,8.8,98.4,1.6
Sarawak,P.222 Lawas,13,P.222,2020,3889,36604,34790,1814,18724,17880,92.63581489,6.855418224,0.068985341,0.439781546,26.7,65.7,7.5,67.5,9902,8632,4.2,531,279,252,211,124,87,74.3,5.5,4006,5222,3299,0.382,14.6,,16,214,16,12,2,0,2,6,36,89,611,77.9,1.3,20.8,99.6,0.4
W.P. Kuala Lumpur,P.114 Kepong,14,P.114,2020,12,106199,88170,18029,62487,43712,20.17352841,72.92843371,6.32641488,0.571623001,15.7,77.1,7.2,80.7,31667,28268,3.3,1114,572,542,400,227,173,72.5,4.7,11274,13087,6500,0.303,0,,38,248,59,35,6,11,7,25,394,610,7333,100,0,0,100,0
W.P. Kuala Lumpur,P.115 Batu,14,P.115,2020,20,219132,172546,46586,131753,87379,56.58838802,30.08878792,12.87308892,0.449735143,15.8,78.5,5.7,80.6,66080,61054,3,2192,1126,1066,789,449,340,71.7,4.8,9426,11019,5817,0.305,0.3,141,1174,4421,155,111,18,9,17,84,535,2654,22933,100,0,0,100,0
W.P. Kuala Lumpur,P.116 Wangsa Maju,14,P.116,2020,16,215600,195262,20338,115803,99797,61.65203675,30.60656963,6.987534697,0.753858918,23,71.3,5.7,72,62008,56346,3.6,2507,1312,1195,904,523,381,71.5,3.4,9716,11153,5768,0.289,0,145,1095,5632,97,56,13,9,19,58,358,898,10905,100,0,0,100,0
W.P. Kuala Lumpur,P.117 Segambut,14,P.117,2020,51,253715,218026,35689,132196,121519,32.42915982,55.76399145,10.65239926,1.154449469,19.2,73.8,7.1,76.3,90043,75498,3.3,3017,1590,1427,1088,633,455,72.9,4.5,15342,20521,9845,0.396,0,9,165,719,223,159,24,19,21,166,732,1951,24272,100,0,0,100,0
W.P. Kuala Lumpur,P.118 Setiawangsa,14,P.118,2020,16,147095,140563,6532,76341,70754,69.7025533,21.39681139,8.547768616,0.352866686,25.2,69.9,4.9,70,45093,46697,3.1,1807,957,850,652,381,271,72,4.6,9651,12281,6534,0.33,0.3,8,50,447,48,25,13,5,5,37,187,378,5436,100,0,0,100,0
W.P. Kuala Lumpur,P.119 Titiwangsa,14,P.119,2020,15,122096,106806,15290,63360,58736,67.72840477,23.25899294,7.57260828,1.439994008,25,69.6,5.4,70.7,44206,36063,3.3,1477,774,703,532,308,224,73,3.6,9827,11921,6823,0.335,0.5,3,91,756,149,103,18,15,13,99,402,900,13525,100,0,0,100,0
W.P. Kuala Lumpur,P.120 Bukit Bintang,14,P.120,2020,21,120529,94913,25616,68072,52457,27.06689284,56.48119857,15.45309915,0.998809436,19.7,74.8,5.5,76.3,44272,34763,3.2,1372,681,691,491,271,220,72.6,3,11060,13677,7401,0.363,0,1,12,153,253,183,30,20,20,237,1061,1577,28539,100,0,0,100,0
W.P. Kuala Lumpur,P.121 Lembah Pantai,14,P.121,2020,20,148094,138041,10053,75335,72759,59.12156533,26.22481726,13.80097217,0.852645229,22.9,71.6,5.5,71.9,47085,46785,3.4,1732,907,825,624,361,263,72.8,3.3,9801,13081,6186,0.376,0,191,1397,6076,85,55,8,8,14,71,278,453,10570,100,0,0,100,0
W.P. Kuala Lumpur,P.122 Seputeh,14,P.122,2020,31,322511,310277,12234,164548,157963,31.10414243,57.31555997,11.22094129,0.359356317,17.4,74.4,8.2,76.2,97871,90322,3.5,3906,2061,1845,1409,821,588,71.3,3.5,11113,13489,7764,0.329,0.5,12,191,1010,147,102,18,11,16,70,565,1255,15005,100,0,0,100,0
W.P. Kuala Lumpur,P.123 Cheras,14,P.123,2020,16,135823,123916,11907,71634,64189,32.21214371,59.55163175,7.58013493,0.656089609,18,73.1,8.9,77.6,47148,39716,3.4,1642,843,799,591,336,255,72.6,3.7,10264,12031,5979,0.319,0.2,234,1965,7802,83,45,12,11,15,55,425,928,13997,100,0,0,100,0
W.P. Kuala Lumpur,P.124 Bandar Tun Razak,14,P.124,2020,25,191318,185146,6172,97377,93941,67.93719551,23.35562205,8.323161181,0.384021259,21.2,72.1,6.7,74.2,59166,58017,3.3,2321,1230,1091,838,490,348,72,4.4,9432,11266,6002,0.305,0,7,67,568,51,32,6,7,6,22,301,617,7741,100,0,0,100,0
W.P. Putrajaya,P.125 Putrajaya,16,P.125,2020,49,109202,106381,2821,53574,55628,97.89718089,0.629811714,1.224842782,0.248164616,38,60.6,1.4,58.4,38056,29699,3.7,2142,1073,1069,210,118,92,72.5,1.5,9983,12840,7980,0.361,0.4,17,192,984,10,6,2,2,0,0,31,63,1336,100,0,0,100,0
W.P. Labuan,P.166 Labuan,15,P.166,2020,96,95120,84288,10832,48890,46230,86.21749241,11.67781891,1.057089977,1.047598709,27.3,68.5,4.2,67.8,22879,23961,3.9,1710,847,863,314,179,135,64.6,7.2,6726,8319,4097,0.333,3.1,2,102,637,15,10,2,3,0,11,152,290,2640,100,0,0,100,0