state,parlimen,dun,total,male_18_20,female_18_20,male_21_29,female_21_29,male_30_39,female_30_39,male_40_49,female_40_49,male_50_59,female_50_59,male_60_69,female_60_69,male_70_79,female_70_79,male_80_89,female_80_89,male_90+,female_90+,votertype_regular,votertype_early_army,votertype_early_police,votertype_postal_overseas,total_ge14
Perlis,P.001 Padang Besar,N.01 Titi Tinggi,13403,378,417,1507,1296,1778,1554,1189,1057,860,871,743,758,363,381,96,108,30,17,13019,0,383,1,10111
Perlis,P.001 Padang Besar,N.02 Beseri,12128,412,334,1485,1404,1537,1456,869,845,759,798,645,668,322,343,75,135,16,25,11793,275,55,5,8914
Perlis,P.001 Padang Besar,N.03 Chuping,14248,477,473,1475,1462,1707,1664,1281,1287,906,865,648,806,443,475,92,142,20,25,14247,0,0,1,10542
Perlis,P.001 Padang Besar,N.04 Mata Ayer,9662,224,238,1226,946,1490,1346,751,719,532,569,413,474,223,307,69,101,6,28,8182,1459,19,2,7617
Perlis,P.001 Padang Besar,N.05 Santan,10751,310,303,1066,987,1186,1246,821,865,735,775,577,754,334,445,118,188,12,29,10751,0,0,0,8912
Perlis,P.002 Kangar,N.06 Bintong,16366,573,580,1919,1824,1805,1890,1246,1302,1039,1112,787,970,423,545,122,191,14,24,16365,0,0,1,12136
Perlis,P.002 Kangar,N.07 Sena,15870,527,479,1736,1733,1934,1727,1258,1302,981,1022,903,964,450,505,122,171,24,32,15537,0,332,1,12303
Perlis,P.002 Kangar,N.08 Indera Kayangan,14465,368,416,1436,1378,1609,1619,1149,1136,861,986,952,1090,498,570,125,193,40,39,14463,0,0,2,11018
Perlis,P.002 Kangar,N.09 Kuala Perlis,14717,485,474,1602,1537,1782,1640,1267,1131,1034,1092,791,839,382,391,90,126,23,31,14690,0,26,1,10654
Perlis,P.002 Kangar,N.10 Kayang,13441,398,382,1517,1418,1737,1541,1019,1039,944,996,656,735,332,424,112,154,15,22,12782,0,658,1,9827
Perlis,P.003 Arau,N.11 Pauh,14797,478,464,1645,1561,1796,1627,1162,1155,1035,1109,756,814,357,477,129,185,20,27,14424,37,336,0,11200
Perlis,P.003 Arau,N.12 Tambun Tulang,13451,414,362,1366,1373,1450,1525,1176,1152,985,1045,707,803,351,419,94,177,18,34,13381,69,0,1,10535
Perlis,P.003 Arau,N.13 Guar Sanji,11510,323,337,1189,1181,1212,1239,949,988,872,956,607,700,300,387,78,152,16,24,11508,0,0,2,9233
Perlis,P.003 Arau,N.14 Simpang Empat,10697,327,337,1102,1082,1147,1195,909,941,750,788,579,645,283,356,86,140,16,14,10679,0,17,1,8547
Perlis,P.003 Arau,N.15 Sanglang,10421,286,312,940,922,1057,1085,898,966,822,842,638,683,303,388,88,158,14,19,10421,0,0,0,8672
Kedah,P.004 Langkawi,N.01 Ayer Hangat,32521,1305,1255,4347,4181,3802,3591,2827,2913,2144,2041,1226,1361,520,605,153,194,24,32,32236,0,285,0,21297
Kedah,P.004 Langkawi,N.02 Kuah,34256,1411,1369,4546,4243,4087,3721,3046,2960,2440,2200,1391,1391,510,555,135,189,33,29,33411,458,383,4,21400
Kedah,P.005 Jerlun,N.03 Kota Siputeh,29785,895,862,2988,2964,3281,3198,2652,2501,2280,2248,1573,1792,786,1042,221,404,35,63,29767,0,18,0,23544
Kedah,P.005 Jerlun,N.04 Ayer Hitam,37816,1076,996,3623,3534,4090,4020,3363,3279,2937,2989,2107,2394,1088,1398,272,540,43,67,37797,0,17,2,30588
Kedah,P.006 Kubang Pasu,N.05 Bukit Kayu Hitam,45801,1620,1537,5503,4960,5319,5087,4000,3639,3026,3111,2175,2525,1087,1394,261,458,41,58,44613,889,297,2,32614
Kedah,P.006 Kubang Pasu,N.06 Jitra,62416,2516,2352,8137,7872,7342,7201,4627,4823,3633,3949,2880,3291,1242,1552,338,537,61,63,61020,1051,330,15,41267
Kedah,P.007 Padang Terap,N.07 Kuala Nerang,31329,1000,1021,3564,3526,3695,3701,2595,2576,2173,2193,1533,1755,616,788,190,316,36,51,31143,0,185,1,24094
Kedah,P.007 Padang Terap,N.08 Pedu,28477,898,840,2995,3198,3293,3271,2636,2559,2058,2038,1199,1420,599,887,200,332,27,27,28455,0,21,1,22550
Kedah,P.008 Pokok Sena,N.09 Bukit Lada,40563,1375,1224,4573,4465,4582,4557,3590,3365,2866,2827,1845,2196,930,1255,290,507,40,76,40547,0,16,0,30002
Kedah,P.008 Pokok Sena,N.10 Bukit Pinang,36667,1077,1005,4118,3732,4390,4173,3193,3015,2342,2651,1785,2170,901,1265,308,423,45,74,35155,1456,53,3,29041
Kedah,P.008 Pokok Sena,N.11 Derga,37608,989,887,3958,3636,4546,4217,3154,3082,2398,2645,2164,2526,1073,1397,288,516,49,83,36827,0,768,13,27849
Kedah,P.009 Alor Setar,N.12 Suka Menanti,41917,1118,1060,4313,4295,4885,4909,3711,3660,2628,2964,2088,2753,1098,1520,302,485,63,65,41907,0,0,10,31305
Kedah,P.009 Alor Setar,N.13 Kota Darul Aman,26102,426,410,1665,1544,2533,2096,2149,1908,2107,2122,2328,2530,1363,1595,380,574,244,128,25394,0,703,5,21835
Kedah,P.009 Alor Setar,N.14 Alor Mengkudu,37975,1219,1196,4340,4277,4370,4342,3107,3096,2407,2698,1906,2239,874,1172,242,385,43,62,37971,0,0,4,27132
Kedah,P.010 Kuala Kedah,N.15 Anak Bukit,36325,1067,1051,3722,3721,3888,3946,3111,3139,2572,2805,1982,2362,887,1212,291,446,54,69,36291,0,32,2,28223
Kedah,P.010 Kuala Kedah,N.16 Kubang Rotan,50078,1601,1539,5519,5433,5717,5714,4544,4306,3249,3393,2608,2874,1161,1475,310,499,56,80,50050,0,22,6,36253
Kedah,P.010 Kuala Kedah,N.17 Pengkalan Kundor,46097,1470,1303,5102,4948,5205,5194,4084,3938,3015,3214,2383,2855,1097,1392,314,481,47,55,46072,0,23,2,33277
Kedah,P.011 Pendang,N.18 Tokai,45265,1326,1358,4499,4558,4868,4950,4060,4055,3320,3453,2244,2744,1165,1571,336,627,50,81,45114,0,149,2,36366
Kedah,P.011 Pendang,N.19 Sungai Tiang,49282,1550,1544,5289,5329,5417,5499,4365,4257,3626,3632,2359,2756,1045,1471,364,630,55,94,49257,0,24,1,38501
Kedah,P.012 Jerai,N.20 Sungai Limau,34312,966,868,3225,3241,3408,3574,3247,3263,2793,2866,1787,2106,920,1156,260,524,39,69,34311,0,0,1,28800
Kedah,P.012 Jerai,N.21 Guar Chempedak,29983,1001,937,3421,3317,3230,3235,2519,2476,2176,2224,1480,1752,684,874,191,342,53,71,29825,0,153,5,22646
Kedah,P.012 Jerai,N.22 Gurun,40706,1500,1422,4776,4484,4334,4198,3579,3393,2876,2896,1910,2335,961,1166,263,448,82,83,40584,53,67,2,28530
Kedah,P.013 Sik,N.23 Belantek,28147,906,861,3059,2959,3202,3215,2539,2472,2049,2107,1354,1480,565,766,195,323,41,54,27987,0,160,0,22744
Kedah,P.013 Sik,N.24 Jeneri,34979,1142,1034,3719,3645,4146,4113,3319,3244,2364,2338,1593,1900,754,1014,170,389,38,57,34973,0,4,2,27641
Kedah,P.014 Merbok,N.25 Bukit Selambau,78353,3397,3291,10455,10237,8299,8576,5861,6281,4981,5303,3702,4209,1384,1507,291,430,80,69,78042,0,298,13,48367
Kedah,P.014 Merbok,N.26 Tanjong Dawai,54091,1780,1683,6648,5852,6991,6342,4962,4797,3397,3527,2194,2645,1071,1349,256,460,47,90,49330,4726,32,3,39415
Kedah,P.015 Sungai Petani,N.27 Pantai Merdeka,51218,1906,1922,6661,6423,5477,5258,4021,4081,3662,3967,2257,2611,923,1251,228,455,39,76,51186,0,29,3,36810
Kedah,P.015 Sungai Petani,N.28 Bakar Arang,57589,1764,1645,6706,6457,6341,6295,4462,4684,3683,4521,3241,3616,1394,1660,362,517,125,116,57464,0,114,11,38991
Kedah,P.015 Sungai Petani,N.29 Sidam,60040,2745,2568,7429,7450,5840,5825,4835,4968,4035,4462,2912,3153,1199,1543,346,542,78,110,60035,0,0,5,36776
Kedah,P.016 Baling,N.30 Bayu,47471,1446,1354,5040,5107,5248,5429,4268,4087,3532,3498,2398,2529,1023,1427,311,617,60,97,47226,0,243,2,38985
Kedah,P.016 Baling,N.31 Kupang,42615,1402,1337,4666,4752,4892,4856,3762,3702,2977,3033,2058,2334,854,1177,240,436,60,77,42587,0,25,3,34430
Kedah,P.016 Baling,N.32 Kuala Ketil,42013,1402,1345,4856,4734,4661,4757,3616,3598,3059,3122,1855,2228,752,1120,273,463,75,97,41983,0,27,3,33798
Kedah,P.017 Padang Serai,N.33 Merbau Pulas,52601,2501,2443,7026,6767,5018,5125,4163,4637,3646,3815,2048,2555,878,1201,252,386,63,77,52546,0,52,3,34498
Kedah,P.017 Padang Serai,N.34 Lunas,81266,3651,3458,11108,10735,8510,8291,6197,6639,5228,5886,3528,3929,1327,1622,366,594,74,123,81230,0,24,12,50336
Kedah,P.018 Kulim-Bandar Baharu,N.35 Kulim,54003,1715,1743,6259,6002,6304,5867,4419,4459,3713,4047,2749,3118,1132,1438,329,502,96,111,52706,0,1290,7,38572
Kedah,P.018 Kulim-Bandar Baharu,N.36 Bandar Baharu,36138,1099,1025,3799,3739,3915,3760,3375,3134,2683,2766,1787,2096,883,1181,281,505,37,73,35939,0,197,2,28015
Kelantan,P.019 Tumpat,N.01 Pengkalan Kubor,36278,1198,1203,3918,3996,4196,4077,3178,2977,2654,2449,1955,1614,999,839,349,372,147,157,36158,0,119,1,27395
Kelantan,P.019 Tumpat,N.02 Kelaboran,38082,1367,1218,4424,4430,4766,4426,3210,3090,2545,2572,1842,1856,724,935,178,315,84,100,37845,0,237,0,28498
Kelantan,P.019 Tumpat,N.03 Pasir Pekan,38876,1446,1417,4953,4805,4838,4759,3246,3225,2236,2463,1571,1833,704,859,147,290,21,63,38851,0,13,12,28075
Kelantan,P.019 Tumpat,N.04 Wakaf Bharu,36135,1300,1257,4129,4161,4110,4165,3021,3047,2462,2493,1756,1817,798,948,205,334,58,74,36094,0,39,2,26956
Kelantan,P.020 Pengkalan Chepa,N.05 Kijang,30265,1135,1085,3697,3661,3690,3707,2727,2696,1858,1958,1156,1335,528,633,110,207,39,43,30244,0,18,3,22173
Kelantan,P.020 Pengkalan Chepa,N.06 Chempaka,34385,1303,1196,4531,4182,4669,4342,2920,2856,1933,2121,1202,1520,548,668,94,222,33,45,32922,1457,0,6,24702
Kelantan,P.020 Pengkalan Chepa,N.07 Panchor,42332,1829,1755,5806,5808,5648,5348,3173,3231,2191,2528,1528,1708,602,775,115,212,30,45,41164,0,1155,13,28509
Kelantan,P.021 Kota Bharu,N.08 Tanjong Mas,45385,1523,1462,5934,5613,6379,6016,3538,3669,2414,2761,1699,2181,773,952,140,248,28,55,45373,0,0,12,32114
Kelantan,P.021 Kota Bharu,N.09 Kota Lama,33114,624,555,2234,2174,3355,2938,2951,2863,2846,2897,2542,2873,1327,1670,391,574,154,146,32256,0,855,3,28157
Kelantan,P.021 Kota Bharu,N.10 Bunut Payong,36951,1079,1050,4045,4084,4572,4399,3163,3197,2440,2600,1752,2035,828,1072,192,331,38,74,36939,0,0,12,28437
Kelantan,P.022 Pasir Mas,N.11 Tendong,31645,1145,1028,3717,3670,3638,3722,2636,2637,2119,2153,1421,1528,719,853,192,333,46,88,31634,0,11,0,23906
Kelantan,P.022 Pasir Mas,N.12 Pengkalan Pasir,33033,1035,950,3605,3508,3926,3957,2923,2863,2171,2294,1629,1839,738,926,195,340,57,77,32953,0,79,1,25817
Kelantan,P.022 Pasir Mas,N.13 Meranti,29866,1018,1000,3479,3509,3484,3446,2559,2347,1907,1997,1360,1441,715,810,208,350,109,127,29831,0,32,3,21499
Kelantan,P.023 Rantau Panjang,N.14 Chetok,28976,963,929,3217,3278,3358,3453,2397,2493,1953,1948,1392,1524,651,831,174,304,36,75,28972,0,0,4,22149
Kelantan,P.023 Rantau Panjang,N.15 Gual Periok,35814,1268,1262,4369,4077,3977,3949,3132,2770,2565,2384,1893,1628,840,810,303,313,148,126,35701,41,64,8,24046
Kelantan,P.023 Rantau Panjang,N.16 Apam Putra,28458,1133,1006,3472,3446,3412,3253,2226,2198,1899,1887,1364,1344,593,708,151,248,48,70,28161,0,294,3,19920
Kelantan,P.024 Kubang Kerian,N.17 Salor,36133,1191,1207,4195,4209,4369,4205,3105,3083,2334,2485,1518,1802,748,1036,175,355,45,71,36132,0,0,1,27164
Kelantan,P.024 Kubang Kerian,N.18 Pasir Tumboh,37175,1573,1475,4995,5085,4639,4572,2733,2724,2038,2290,1525,1667,639,772,126,235,28,59,37155,0,15,5,26257
Kelantan,P.024 Kubang Kerian,N.19 Demit,40332,1589,1536,5345,5063,5282,5098,3029,3229,2185,2558,1537,1798,730,880,129,241,36,67,40242,0,83,7,28597
Kelantan,P.025 Bachok,N.20 Tawang,43101,1747,1685,5438,5383,5302,5346,3637,3656,2550,2680,1602,1832,751,983,153,267,27,62,43090,0,9,2,31434
Kelantan,P.025 Bachok,N.21 Pantai Irama,40216,1440,1450,4768,4708,5034,5063,3383,3470,2627,2659,1670,1887,678,896,131,271,29,52,39977,0,234,5,30719
Kelantan,P.025 Bachok,N.22 Jelawat,39866,1475,1345,4711,4733,4917,5034,3316,3379,2460,2611,1623,1889,788,1018,170,299,34,64,39858,0,7,1,30453
Kelantan,P.026 Ketereh,N.23 Melor,28285,1038,975,3381,3301,3394,3337,2378,2423,1851,1921,1251,1394,557,684,109,218,28,45,28269,0,16,0,21240
Kelantan,P.026 Ketereh,N.24 Kadok,21636,775,809,2531,2461,2588,2647,1823,1850,1370,1520,897,1037,442,563,107,165,21,30,21635,0,0,1,16583
Kelantan,P.026 Ketereh,N.25 Kok Lanas,35360,1163,1165,4703,4073,4992,4352,3116,2875,2064,2300,1403,1558,573,642,120,206,22,33,32316,3008,32,4,27415
Kelantan,P.027 Tanah Merah,N.26 Bukit Panau,49934,1878,1890,6259,6331,5739,5909,4100,4029,3214,3535,2341,2294,844,976,196,309,38,52,49680,0,250,4,35135
Kelantan,P.027 Tanah Merah,N.27 Gual Ipoh,25687,820,790,2684,2766,3085,3160,2472,2372,1715,1709,1252,1371,486,608,118,217,31,31,25669,0,18,0,20048
Kelantan,P.027 Tanah Merah,N.28 Kemahang,23161,684,701,2565,2575,3241,3228,2129,2098,1239,1293,962,1233,566,441,65,109,11,21,23148,0,12,1,17989
Kelantan,P.028 Pasir Puteh,N.29 Selising,28573,1050,1053,3426,3423,3347,3460,2421,2333,1862,1934,1200,1354,548,710,137,244,18,53,28565,0,6,2,21348
Kelantan,P.028 Pasir Puteh,N.30 Limbongan,35270,1375,1324,4362,4400,4229,4272,2773,2926,2158,2333,1400,1679,666,882,137,272,31,51,35051,0,216,3,25629
Kelantan,P.028 Pasir Puteh,N.31 Semerak,26580,931,939,3129,3146,3116,3342,2289,2294,1766,1847,1115,1202,488,612,88,208,23,45,26552,0,27,1,20690
Kelantan,P.028 Pasir Puteh,N.32 Gaal,22647,771,716,2490,2628,2630,2807,1936,1927,1484,1622,991,1164,447,646,95,224,24,45,22633,0,13,1,17744
Kelantan,P.029 Machang,N.33 Pulai Chondong,28088,979,869,3253,3328,3309,3239,2309,2312,1880,2011,1416,1503,516,715,122,251,31,45,28076,0,10,2,21644
Kelantan,P.029 Machang,N.34 Temangan,25935,824,778,2969,2852,3132,3177,2220,2162,1811,1788,1139,1329,532,732,138,267,18,67,25930,0,3,2,20354
Kelantan,P.029 Machang,N.35 Kemuning,34802,1213,1173,4038,4038,4367,4277,2967,2995,2294,2329,1518,1691,632,816,139,232,26,57,34543,12,243,4,26389
Kelantan,P.030 Jeli,N.36 Bukit Bunga,21748,686,627,2674,2490,2470,2597,1914,1866,1532,1461,1104,940,470,478,127,178,73,61,20722,958,68,0,17352
Kelantan,P.030 Jeli,N.37 Air Lanas,22382,821,836,2694,2654,2698,2773,1936,1951,1575,1455,986,875,391,444,82,156,28,27,22178,0,204,0,17711
Kelantan,P.030 Jeli,N.38 Kuala Balah,15668,498,498,1865,1767,2072,1952,1495,1379,978,970,697,685,264,352,55,105,13,23,15001,650,16,1,12407
Kelantan,P.031 Kuala Krai,N.39 Mengkebang,26774,1005,943,3397,3335,3358,3356,2326,2180,1698,1635,1023,1169,423,566,121,170,26,43,26774,0,0,0,20218
Kelantan,P.031 Kuala Krai,N.40 Guchil,27781,964,940,3213,3076,3431,3286,2429,2186,1796,1975,1373,1457,557,653,127,237,31,50,27539,0,242,0,20560
Kelantan,P.031 Kuala Krai,N.41 Manek Urai,22546,829,740,2719,2658,2832,3034,2161,1985,1320,1254,875,980,376,481,98,158,20,26,22522,0,24,0,17722
Kelantan,P.031 Kuala Krai,N.42 Dabong,15234,570,540,1871,1874,1991,1888,1385,1190,913,875,626,666,301,311,87,117,14,15,15219,0,14,1,11848
Kelantan,P.032 Gua Musang,N.43 Nenggiri,19968,872,813,2799,2714,2663,2559,1653,1473,985,946,691,829,438,364,75,72,12,10,19956,0,12,0,15010
Kelantan,P.032 Gua Musang,N.44 Paloh,21064,686,678,2621,2635,3270,3224,1681,1502,722,958,969,1152,558,332,39,28,5,4,21050,0,14,0,17115
Kelantan,P.032 Gua Musang,N.45 Galas,29222,1378,1370,4125,4102,3755,3453,2294,2105,1698,1636,1181,1015,413,393,126,117,32,29,28987,0,231,4,20399
Terengganu,P.033 Besut,N.01 Kuala Besut,26745,1012,937,3615,3194,3651,3275,2432,2311,1579,1611,915,1031,399,533,61,140,21,28,25356,1360,27,2,20762
Terengganu,P.033 Besut,N.02 Kota Putera,32303,1344,1296,4332,4182,4144,4100,2630,2581,1803,1973,1197,1344,468,578,97,182,14,38,32015,8,280,0,24182
Terengganu,P.033 Besut,N.03 Jertih,28927,1098,969,3484,3514,3583,3742,2438,2481,1801,1879,1179,1309,474,621,109,199,13,34,28864,0,60,3,22880
Terengganu,P.033 Besut,N.04 Hulu Besut,23675,855,795,2859,2842,3105,3099,2044,1957,1419,1500,974,997,418,534,77,158,16,26,23656,0,17,2,18803
Terengganu,P.034 Setiu,N.05 Jabi,24919,898,861,3068,3117,3098,3241,2312,2116,1592,1550,878,1021,383,486,84,158,19,37,24919,0,0,0,20041
Terengganu,P.034 Setiu,N.06 Permaisuri,30464,1149,1137,4071,3977,3958,4005,2644,2519,1738,1836,1083,1130,408,489,91,183,14,32,30223,25,215,1,23839
Terengganu,P.034 Setiu,N.07 Langkap,22269,787,719,2613,2599,2951,2901,2116,2047,1320,1269,768,894,461,514,82,181,10,37,22251,0,18,0,18296
Terengganu,P.034 Setiu,N.08 Batu Rakit,29642,1030,976,3504,3461,3925,3969,2643,2532,1655,1973,1238,1325,499,573,111,187,13,28,29583,0,58,1,24071
Terengganu,P.035 Kuala Nerus,N.09 Tepuh,30120,1269,1139,3898,3923,3981,3971,2402,2427,1668,1875,1091,1204,453,495,104,193,8,19,30113,0,4,3,23111
Terengganu,P.035 Kuala Nerus,N.10 Buluh Gading,27587,999,890,3277,3183,3563,3627,2407,2522,1682,1760,1120,1175,499,525,103,213,13,29,27587,0,0,0,22528
Terengganu,P.035 Kuala Nerus,N.11 Seberang Takir,27303,1114,1018,4028,3608,3871,3438,2118,2111,1355,1597,987,1096,362,396,69,112,9,14,25706,833,760,4,20607
Terengganu,P.035 Kuala Nerus,N.12 Bukit Tunggal,20942,663,679,2444,2304,2870,2689,1924,1829,1361,1373,849,933,369,423,64,128,13,27,20939,0,0,3,17417
Terengganu,P.036 Kuala Terengganu,N.13 Wakaf Mempelam,34303,1077,1034,3835,3787,4715,4507,3143,3140,2043,2214,1329,1642,589,810,143,247,13,35,34296,0,0,7,28059
Terengganu,P.036 Kuala Terengganu,N.14 Bandar,22215,399,405,1695,1581,2407,2163,1864,1884,1859,2027,1773,1771,774,901,231,332,76,73,22139,0,71,5,20268
Terengganu,P.036 Kuala Terengganu,N.15 Ladang,26268,660,625,2645,2382,3611,3106,2436,2248,1850,1927,1373,1600,549,745,156,280,30,45,24956,34,1270,8,22570
Terengganu,P.036 Kuala Terengganu,N.16 Batu Buruk,40519,1337,1323,4808,4636,5343,5095,3545,3553,2452,2704,1652,1991,730,891,150,261,21,27,40487,0,28,4,32714
Terengganu,P.037 Marang,N.17 Alur Limbat,35638,1339,1281,4578,4344,4712,4559,2909,2943,2036,2230,1415,1545,616,697,143,241,19,31,35460,177,0,1,28038
Terengganu,P.037 Marang,N.18 Bukit Payung,28553,1135,1015,3592,3433,3660,3677,2205,2383,1678,1949,1179,1262,473,586,103,185,12,26,28531,0,18,4,22661
Terengganu,P.037 Marang,N.19 Ru Rendang,32587,1263,1105,4107,3864,4376,4160,2744,2771,1944,2054,1232,1505,521,607,119,178,12,25,32414,0,172,1,25999
Terengganu,P.037 Marang,N.20 Pengkalan Berangan,34978,1257,1173,4271,4090,4574,4583,2993,2948,2253,2324,1410,1483,487,628,144,302,19,39,34596,0,376,6,28200
Terengganu,P.038 Hulu Terengganu,N.21 Telemung,21369,680,621,2566,2423,2952,2811,1836,1862,1132,1258,922,1017,426,486,100,215,20,42,21362,0,6,1,17868
Terengganu,P.038 Hulu Terengganu,N.22 Manir,20531,679,597,2338,2258,2777,2784,1790,1795,1269,1402,850,898,375,436,75,167,12,29,20508,0,22,1,17239
Terengganu,P.038 Hulu Terengganu,N.23 Kuala Berang,21308,702,628,2425,2343,2776,2776,1763,1761,1343,1420,982,1005,444,552,100,238,18,32,21115,0,192,1,17848
Terengganu,P.038 Hulu Terengganu,N.24 Ajil,24709,793,767,2699,2681,3445,3464,2393,2243,1356,1454,1055,1150,396,501,89,169,20,34,24696,0,12,1,20532
Terengganu,P.039 Dungun,N.25 Bukit Besi,18102,603,609,2124,2142,2418,2204,1632,1621,1226,1195,651,722,276,429,92,129,5,24,18055,0,46,1,14493
Terengganu,P.039 Dungun,N.26 Rantau Abang,32922,1360,1381,4497,4230,4347,4194,2666,2687,1947,2027,1232,1205,425,493,62,145,11,13,32463,0,457,2,24819
Terengganu,P.039 Dungun,N.27 Sura,30130,1007,945,3432,3297,3683,3615,2552,2550,2169,2287,1430,1545,493,678,112,233,48,54,30091,35,0,4,24761
Terengganu,P.039 Dungun,N.28 Paka,34405,1432,1362,4355,4223,4616,4527,3168,3048,1830,1867,1327,1473,538,463,58,86,10,22,34343,0,57,5,26433
Terengganu,P.040 Kemaman,N.29 Kemasik,28315,1097,1048,3398,3299,3766,3662,2661,2416,1652,1726,1267,1243,438,396,95,119,14,18,28279,0,33,3,22132
Terengganu,P.040 Kemaman,N.30 Kijal,29046,1221,1071,3562,3456,3794,3554,2550,2534,1917,1986,1160,1188,387,414,65,147,10,30,29023,11,12,0,22580
Terengganu,P.040 Kemaman,N.31 Cukai,38776,1519,1364,4485,4299,4568,4291,3258,3392,2851,2731,2004,1885,791,847,135,249,61,46,38460,0,310,6,30374
Terengganu,P.040 Kemaman,N.32 Air Putih,43286,1801,1773,5563,5426,5847,5579,3801,3679,2305,2397,1575,1734,753,699,112,182,24,36,43262,0,21,3,32507
Pulau Pinang,P.041 Kepala Batas,N.01 Penaga,25229,960,897,2940,2926,2420,2538,2231,2309,1994,2070,1087,1219,508,709,135,232,21,33,25229,0,0,0,19089
Pulau Pinang,P.041 Kepala Batas,N.02 Bertam,23881,777,661,2463,2420,2690,2433,2154,2114,1902,1796,1275,1342,574,795,151,273,37,24,23194,0,686,1,18378
Pulau Pinang,P.041 Kepala Batas,N.03 Pinang Tunggal,33971,1471,1461,4365,4264,3434,3518,2739,2938,2327,2308,1481,1597,696,869,181,269,11,42,33970,0,0,1,23056
Pulau Pinang,P.042 Tasek Gelugor,N.04 Permatang Berangan,28229,1041,1032,3290,3323,3070,3092,2289,2538,1842,2099,1230,1497,620,769,180,260,22,35,28189,0,38,2,21120
Pulau Pinang,P.042 Tasek Gelugor,N.05 Sungai Dua,27840,992,965,3191,3056,3007,2894,2369,2543,2063,2175,1278,1504,590,784,139,244,19,27,27787,0,52,1,20558
Pulau Pinang,P.042 Tasek Gelugor,N.06 Telok Ayer Tawar,24799,630,625,2866,2315,3447,2763,2327,2197,1604,1756,1134,1359,568,770,121,254,29,34,22279,2485,32,3,19172
Pulau Pinang,P.043 Bagan,N.07 Sungai Puyu,35765,962,946,3273,3009,3466,3377,3354,3392,3099,3109,2262,2426,1053,1234,272,435,33,63,35764,0,0,1,27671
Pulau Pinang,P.043 Bagan,N.08 Bagan Jermal,32403,795,776,2759,2645,2931,2852,3053,2948,2720,2834,2071,2524,1153,1459,269,456,68,90,32400,0,0,3,25621
Pulau Pinang,P.043 Bagan,N.09 Bagan Dalam,21279,399,425,1484,1420,1928,1816,1784,1768,1940,1929,1709,1918,918,1066,239,334,121,81,21100,0,179,0,18291
Pulau Pinang,P.044 Permatang Pauh,N.10 Seberang Jaya,48832,1679,1608,5439,5290,5462,5021,4157,4562,3429,3715,2541,3019,1071,1295,172,311,25,36,48101,0,726,5,35541
Pulau Pinang,P.044 Permatang Pauh,N.11 Permatang Pasir,30380,880,832,2832,2853,3035,2955,2764,2730,2685,2674,1847,1867,801,1040,171,318,38,58,30377,0,0,3,24811
Pulau Pinang,P.044 Permatang Pauh,N.12 Penanti,27974,912,835,2969,2972,3089,3150,2348,2294,2090,2275,1480,1650,604,793,144,304,26,39,27934,0,36,4,21437
Pulau Pinang,P.045 Bukit Mertajam,N.13 Berapit,29059,618,606,2184,2180,2598,2579,2546,2582,2508,2486,2174,2453,1156,1430,308,512,55,84,29044,0,12,3,23779
Pulau Pinang,P.045 Bukit Mertajam,N.14 Machang Bubuk,55803,2153,2087,7188,6826,5961,5925,4627,4957,3699,4104,2451,2712,1014,1311,264,439,25,60,55768,0,30,5,37260
Pulau Pinang,P.045 Bukit Mertajam,N.15 Padang Lalang,35957,922,779,3018,2853,3564,3530,3269,3292,2721,2992,2293,2755,1380,1592,352,492,65,88,35954,0,0,3,27959
Pulau Pinang,P.046 Batu Kawan,N.16 Perai,20567,463,397,1519,1509,1968,1929,1769,1855,1705,1855,1432,1818,789,934,200,292,67,66,20522,0,45,0,17032
Pulau Pinang,P.046 Batu Kawan,N.17 Bukit Tengah,31213,1159,1045,3375,3274,3272,3236,2771,2911,2341,2493,1541,1685,659,939,173,270,22,47,31186,0,27,0,22276
Pulau Pinang,P.046 Batu Kawan,N.18 Bukit Tambun,37032,1296,1299,4311,4071,3731,3647,3277,3303,2788,3027,1848,1944,801,996,235,359,31,68,36906,0,126,0,26086
Pulau Pinang,P.047 Nibong Tebal,N.19 Jawi,36350,1128,1069,3988,3728,3853,3641,3212,3366,2779,3042,1768,2032,882,1119,242,381,51,69,35855,0,492,3,26699
Pulau Pinang,P.047 Nibong Tebal,N.20 Sungai Bakap,37781,1602,1499,4659,4661,3883,3908,3206,3555,2557,2880,1537,1864,613,901,138,265,22,31,37730,0,51,0,26666
Pulau Pinang,P.047 Nibong Tebal,N.21 Sungai Acheh,25931,862,821,2928,2702,2780,2840,2236,2353,1848,2047,1181,1465,602,847,117,236,20,46,25926,0,0,5,20018
Pulau Pinang,P.048 Bukit Bendera,N.22 Tanjong Bunga,29289,686,708,2521,2374,2556,2517,2426,2604,2361,2591,1905,2290,1129,1488,392,539,73,129,29031,180,72,6,21768
Pulau Pinang,P.048 Bukit Bendera,N.23 Air Putih,15379,260,225,1039,858,1278,1155,1371,1247,1354,1444,1157,1449,732,973,220,451,63,103,15027,0,349,3,13509
Pulau Pinang,P.048 Bukit Bendera,N.24 Kebun Bunga,24528,354,341,1325,1400,1721,1726,1999,1997,2415,2549,1999,2358,1118,1764,452,790,83,137,24527,0,0,1,21369
Pulau Pinang,P.048 Bukit Bendera,N.25 Pulau Tikus,23325,376,377,1517,1505,1949,1905,1751,1895,1774,2109,1631,2103,1132,1636,465,851,128,221,22864,324,130,7,18423
Pulau Pinang,P.049 Tanjong,N.26 Padang Kota,15373,151,148,603,526,807,731,1127,944,1462,1352,1739,1733,1054,1197,423,571,543,262,15267,46,60,0,14476
Pulau Pinang,P.049 Tanjong,N.27 Pengkalan Kota,21743,240,234,1125,1087,1551,1582,1783,1731,2242,2210,2262,2389,1086,1366,248,421,84,102,21743,0,0,0,20069
Pulau Pinang,P.049 Tanjong,N.28 Komtar,15687,124,129,659,505,1143,760,1172,983,1589,1403,1842,1786,1043,1259,332,527,263,168,14888,0,797,2,15041
Pulau Pinang,P.050 Jelutong,N.29 Datok Keramat,26886,509,460,2001,1757,2618,2213,2313,2304,2311,2492,2005,2355,1009,1469,294,536,113,127,26037,0,847,2,22630
Pulau Pinang,P.050 Jelutong,N.30 Sungai Pinang,33995,861,848,2972,2963,3389,3365,2841,2924,2686,2809,2331,2750,1075,1384,238,428,61,70,33992,0,0,3,26917
Pulau Pinang,P.050 Jelutong,N.31 Batu Lancang,33108,640,591,2410,2230,2917,2935,2980,3227,2583,3031,2246,2870,1266,1819,432,707,60,164,33025,0,79,4,27444
Pulau Pinang,P.051 Bukit Gelugor,N.32 Seri Delima,31562,702,712,2426,2201,2750,2612,2857,2929,2384,2808,1842,2523,1304,1927,516,801,91,177,31482,67,0,13,25232
Pulau Pinang,P.051 Bukit Gelugor,N.33 Air Itam,23098,495,419,1693,1574,2062,1947,1919,1873,1864,2213,1689,2121,932,1295,282,533,68,119,23017,0,78,3,19622
Pulau Pinang,P.051 Bukit Gelugor,N.34 Paya Terubong,62474,1648,1599,6105,5905,6684,6422,5954,6231,4564,5357,3191,4006,1508,2117,403,655,39,86,62463,0,0,11,46741
Pulau Pinang,P.052 Bayan Baru,N.35 Batu Uban,43132,1233,1112,4194,3968,4465,4529,3872,4119,3040,3629,2384,2911,1196,1552,317,493,42,76,42818,58,243,13,31924
Pulau Pinang,P.052 Bayan Baru,N.36 Pantai Jerejak,29730,704,671,2527,2377,3141,2939,2528,2672,2173,2585,2022,2488,1007,1248,198,352,29,69,29641,0,79,10,23646
Pulau Pinang,P.052 Bayan Baru,N.37 Batu Maung,46778,1407,1440,5119,4572,5385,5205,4261,4446,3293,3699,2326,2762,985,1206,230,366,29,47,44916,1854,0,8,35210
Pulau Pinang,P.053 Balik Pulau,N.38 Bayan Lepas,38866,1567,1414,4765,4510,4145,3849,3157,3362,2837,2997,1874,2177,775,880,177,297,39,44,38716,0,144,6,26570
Pulau Pinang,P.053 Balik Pulau,N.39 Pulau Betong,23578,744,602,2623,2364,2627,2372,1991,2010,1865,1897,1232,1391,589,726,170,298,38,39,22956,0,621,1,18177
Pulau Pinang,P.053 Balik Pulau,N.40 Telok Bahang,17820,483,502,1644,1639,1824,1757,1602,1602,1552,1581,1048,1160,501,550,113,203,32,27,17799,0,20,1,14339
Perak,P.054 Gerik,N.01 Pengkalan Hulu,20157,638,620,2699,2150,2659,2372,1756,1516,1308,1299,1017,953,363,442,113,179,33,40,18494,839,823,1,15369
Perak,P.054 Gerik,N.02 Temengor,27408,1074,976,3674,3259,3586,3144,2356,2010,1759,1510,1232,1267,523,586,150,242,27,33,26260,866,280,2,20534
Perak,P.055 Lenggong,N.03 Kenering,21596,654,620,2261,2298,2897,2857,1996,1703,1347,1299,1044,1154,504,584,115,199,31,33,21583,0,12,1,16965
Perak,P.055 Lenggong,N.04 Kota Tampan,15354,368,346,1265,1369,1729,1737,1408,1279,1109,1116,887,1073,488,633,150,302,40,55,15315,0,39,0,12787
Perak,P.056 Larut,N.05 Selama,22339,708,687,2547,2530,2539,2537,1920,1702,1510,1588,1131,1252,453,697,160,306,23,49,22148,0,190,1,16483
Perak,P.056 Larut,N.06 Kubu Gajah,21358,598,583,2253,2224,2537,2530,2033,1832,1342,1408,1048,1191,529,711,140,304,33,62,21343,0,12,3,16615
Perak,P.056 Larut,N.07 Batu Kurau,22022,727,610,2329,2324,2393,2529,2014,1900,1512,1578,1083,1251,547,766,140,250,29,40,21999,0,22,1,16355
Perak,P.057 Parit Buntar,N.08 Titi Serong,35900,1107,1073,3766,3728,4059,3879,3457,3247,2684,2612,1646,2028,751,1184,188,364,56,71,35859,0,38,3,26726
Perak,P.057 Parit Buntar,N.09 Kuala Kurau,32602,864,758,2972,2882,3247,3073,3214,2818,3117,2721,1949,1963,899,1281,233,454,76,81,32542,0,58,2,25134
Perak,P.058 Bagan Serai,N.10 Alor Pongsu,28656,972,938,3164,2945,3194,3148,2534,2487,2131,2106,1400,1584,587,900,152,300,53,61,28636,0,18,2,20901
Perak,P.058 Bagan Serai,N.11 Gunong Semanggol,27396,903,804,3031,2864,2973,2767,2434,2292,2201,1995,1314,1483,645,992,186,398,51,63,27103,0,292,1,20510
Perak,P.058 Bagan Serai,N.12 Selinsing,24241,739,694,2559,2504,2755,2711,2317,2154,1848,1868,1103,1240,503,774,123,258,38,53,24223,0,18,0,17882
Perak,P.059 Bukit Gantang,N.13 Kuala Sepetang,40222,1220,1199,4282,4471,4499,4469,3449,3221,3008,2868,2322,2428,984,1123,191,378,32,78,40201,0,20,1,29294
Perak,P.059 Bukit Gantang,N.14 Changkat Jering,37003,1047,1046,4041,3974,4557,4585,3220,3159,2222,2619,1885,2233,815,988,183,337,48,44,36975,0,21,7,26848
Perak,P.059 Bukit Gantang,N.15 Trong,17028,454,417,1615,1622,1991,1906,1653,1423,1297,1159,891,999,464,638,150,250,52,47,16991,0,37,0,13731
Perak,P.060 Taiping,N.16 Kamunting,39850,1027,997,4433,3926,5157,5132,3300,3204,2353,2766,2038,2500,970,1246,256,429,53,63,36730,3076,38,6,30000
Perak,P.060 Taiping,N.17 Pokok Assam,36513,728,674,3038,2782,3758,3483,2918,2772,2519,2722,2699,3006,1635,2032,514,885,148,200,35187,904,413,9,28590
Perak,P.060 Taiping,N.18 Aulong,45203,1194,1119,4462,4397,4870,4709,3809,3599,2976,3286,2825,3126,1476,1864,449,785,93,164,45155,4,41,3,32139
Perak,P.061 Padang Rengas,N.19 Chenderoh,17782,443,407,1703,1616,1978,1940,1594,1516,1357,1323,982,1173,502,650,176,323,30,69,17758,0,23,1,14420
Perak,P.061 Padang Rengas,N.20 Lubok Merbau,20904,579,546,2137,1963,2370,2270,1822,1624,1530,1517,1186,1403,543,761,178,358,47,70,20884,0,18,2,16576
Perak,P.062 Sungai Siput,N.21 Lintang,33107,1032,1059,3418,3426,3584,3468,2939,2780,2528,2315,1750,2043,884,1026,267,456,59,73,33064,0,42,1,25389
Perak,P.062 Sungai Siput,N.22 Jalong,39288,998,962,3712,3481,3992,3827,3728,3549,3324,3162,2329,2447,1133,1454,417,586,79,108,39037,0,250,1,29613
Perak,P.063 Tambun,N.23 Manjoi,86266,3165,3057,9885,9965,9580,9605,7313,7550,5543,5907,4161,4998,1969,2343,421,633,71,100,86205,0,49,12,57817
Perak,P.063 Tambun,N.24 Hulu Kinta,74292,2541,2319,9093,8378,8983,8339,6100,6023,5038,5344,3700,3971,1472,1782,422,608,80,99,69597,2138,2547,10,49946
Perak,P.064 Ipoh Timor,N.25 Canning,41021,604,558,2487,2385,3550,3111,3799,3563,3262,3602,2812,3578,2094,2797,930,1372,185,332,40092,593,316,20,32215
Perak,P.064 Ipoh Timor,N.26 Tebing Tinggi,37223,1081,1056,3867,3635,4681,4081,3279,3032,2427,2385,2281,2207,1004,1188,327,408,176,108,35658,0,1559,6,26052
Perak,P.064 Ipoh Timor,N.27 Pasir Pinji,39934,577,542,2276,2088,2998,2757,3318,3349,3415,3585,3361,3898,2214,2866,873,1343,170,304,39841,0,82,11,33219
Perak,P.065 Ipoh Barat,N.28 Bercham,52750,1357,1306,5511,5047,5601,5496,4709,4636,4048,4446,2820,3393,1470,1669,453,657,57,74,52637,0,106,7,36116
Perak,P.065 Ipoh Barat,N.29 Kepayang,25190,375,348,1510,1363,2028,1915,1936,1857,1919,2032,2107,2366,1567,1837,652,885,229,264,24484,557,147,2,20864
Perak,P.065 Ipoh Barat,N.30 Buntong,36714,796,740,2849,2780,3015,2986,3180,3171,3040,3119,2699,3152,1555,1945,479,806,202,200,36661,0,48,5,27894
Perak,P.066 Batu Gajah,N.31 Jelapang,35088,920,884,3228,3212,3368,3249,3426,3394,2966,2867,1983,2197,1060,1345,372,481,47,89,35029,0,55,4,24729
Perak,P.066 Batu Gajah,N.32 Menglembu,38689,837,790,3173,2925,3382,3082,3682,3388,3506,3387,2817,2921,1613,1854,484,659,68,121,38604,0,83,2,29743
Perak,P.066 Batu Gajah,N.33 Tronoh,38119,1099,1066,3867,3557,3480,3309,3537,3148,3248,2802,2618,2366,1205,1424,467,716,96,114,37675,22,421,1,26927
Perak,P.067 Kuala Kangsar,N.34 Bukit Chandan,22194,605,592,2288,2144,2364,2266,1947,1819,1538,1673,1332,1450,556,825,218,409,85,83,21876,0,314,4,17311
Perak,P.067 Kuala Kangsar,N.35 Manong,24791,682,633,2472,2338,2863,2778,2224,2147,1738,1711,1306,1557,678,894,246,399,49,76,24771,0,18,2,19643
Perak,P.068 Beruas,N.36 Pengkalan Baharu,22573,601,529,2129,1950,2402,2444,2173,1867,1722,1604,1328,1513,688,916,189,391,58,69,22558,0,14,1,18076
Perak,P.068 Beruas,N.37 Pantai Remis,44432,1241,1213,4336,4101,4742,4577,4236,3783,3519,3191,2610,2787,1380,1621,350,558,62,125,44338,0,90,4,32346
Perak,P.068 Beruas,N.38 Astaka,41244,1213,1150,4077,3860,4194,4014,3650,3458,3199,3076,2538,2520,1288,1617,444,687,94,165,41163,0,74,7,29372
Perak,P.069 Parit,N.39 Belanja,17767,359,352,1447,1332,1852,1779,1836,1634,1434,1474,1120,1229,489,763,166,393,47,61,17740,0,26,1,14946
Perak,P.069 Parit,N.40 Bota,30148,1085,1086,3770,3634,3623,3521,2374,2243,2025,2099,1518,1448,465,661,137,382,23,54,29699,110,339,0,20964
Perak,P.070 Kampar,N.41 Malim Nawar,29701,677,650,2367,2270,2636,2342,2731,2333,2986,2361,2274,2173,1234,1365,457,616,101,128,29635,0,66,0,22918
Perak,P.070 Kampar,N.42 Keranji,28248,602,554,2393,2100,2684,2417,2573,2375,2330,2239,2002,2088,1143,1385,450,643,113,157,27957,0,286,5,21605
Perak,P.070 Kampar,N.43 Tualang Sekah,31945,838,705,2840,2851,3337,3259,2960,2802,2568,2527,1981,2204,897,1226,286,511,72,81,31919,0,26,0,24913
Perak,P.071 Gopeng,N.44 Sungai Rapat,47931,1720,1597,5934,5669,5245,5233,4041,4081,3067,3498,2289,2646,903,1238,253,420,37,60,46841,852,230,8,31878
Perak,P.071 Gopeng,N.45 Simpang Pulai,62756,1836,1776,6815,6631,6674,6657,5106,5240,4508,4920,3508,3887,1733,1981,547,750,71,116,62682,0,58,16,43055
Perak,P.071 Gopeng,N.46 Teja,32970,1062,995,3393,3293,3263,3093,2969,2865,2645,2476,1851,1970,981,1146,301,474,88,105,32931,0,36,3,24234
Perak,P.072 Tapah,N.47 Chenderiang,30006,813,794,3252,2974,3455,3322,2520,2297,2176,2065,1748,1808,819,967,301,486,103,106,29021,656,325,4,22591
Perak,P.072 Tapah,N.48 Ayer Kuning,31940,870,762,3176,2980,3733,3499,2851,2703,2302,2353,1800,1965,864,1180,290,460,70,82,31277,0,663,0,24537
Perak,P.073 Pasir Salak,N.49 Sungai Manik,35520,1049,1011,3721,3466,4159,3868,3267,2990,2687,2504,1817,1938,929,1225,243,488,61,97,35469,0,47,4,26310
Perak,P.073 Pasir Salak,N.50 Kampong Gajah,39241,1245,1211,4375,4328,4807,4716,3667,3413,2597,2527,1599,1915,801,1260,200,443,57,80,39207,0,34,0,28361
Perak,P.074 Lumut,N.51 Pasir Panjang,62418,2430,2376,7904,7594,7379,7087,4825,4717,4081,4431,3228,3196,1099,1354,210,378,57,72,61892,72,444,10,42402
Perak,P.074 Lumut,N.52 Pangkor,30554,762,582,4500,2263,5241,3633,3544,2760,1545,1495,1249,1273,598,644,135,227,57,46,22148,8327,76,3,24755
Perak,P.075 Bagan Datuk,N.53 Rungkup,19670,418,387,1812,1524,2374,2143,1874,1547,1505,1356,1137,1255,682,979,175,376,56,70,19638,0,30,2,16067
Perak,P.075 Bagan Datuk,N.54 Hutan Melintang,38513,1023,986,4093,3835,4983,4580,3456,3013,2576,2725,1923,2281,938,1294,237,402,76,92,38424,2,86,1,31242
Perak,P.076 Teluk Intan,N.55 Pasir Bedamar,39117,722,715,3065,2890,3918,3729,3344,3401,2914,2987,2813,3133,1680,2123,510,806,169,198,39110,0,0,7,31439
Perak,P.076 Teluk Intan,N.56 Changkat Jong,48105,1532,1378,5390,5385,6071,5761,3851,3784,2978,3334,2339,2823,1059,1452,264,509,79,116,47709,0,390,6,35048
Perak,P.077 Tanjong Malim,N.57 Sungkai,23375,583,606,2255,2066,2435,2386,2043,1870,1778,1677,1454,1546,881,982,268,396,62,87,23318,0,56,1,17128
Perak,P.077 Tanjong Malim,N.58 Slim,30581,734,724,2709,2539,4179,3880,3233,2908,1685,1701,1390,2028,1112,1223,176,274,47,39,30285,0,296,0,23377
Perak,P.077 Tanjong Malim,N.59 Behrang,39917,1258,1249,4445,4184,4789,4505,3565,3279,2632,2515,1893,2301,1045,1248,316,463,118,112,39784,58,73,2,27963
Pahang,P.078 Cameron Highlands,N.01 Tanah Rata,26838,773,763,2792,2656,3104,2870,2239,2145,1970,1900,1665,1700,764,801,205,308,90,93,26493,105,235,5,19505
Pahang,P.078 Cameron Highlands,N.02 Jelai,19182,881,881,2574,2452,2232,2127,1703,1646,1192,1069,558,654,343,479,159,185,24,23,19168,0,13,1,12543
Pahang,P.079 Lipis,N.03 Padang Tengku,19407,667,606,2382,2314,2464,2397,1601,1451,1232,1276,942,971,373,445,102,159,14,11,19384,0,23,0,14057
Pahang,P.079 Lipis,N.04 Cheka,16822,545,463,2106,1688,2089,1873,1323,1182,1163,1172,850,930,389,482,172,274,66,55,15962,606,253,1,12585
Pahang,P.079 Lipis,N.05 Benta,10895,301,253,942,939,1201,1172,963,838,895,803,687,738,366,415,112,203,30,37,10875,0,19,1,8652
Pahang,P.080 Raub,N.06 Batu Talam,19683,542,536,2007,1998,2665,2644,1616,1444,1192,1330,1176,1193,461,489,114,203,29,44,19664,0,19,0,15188
Pahang,P.080 Raub,N.07 Tras,38329,1035,991,3684,3514,4225,3756,3487,3067,2973,2706,2339,2457,1375,1506,435,612,72,95,37987,36,304,2,28912
Pahang,P.080 Raub,N.08 Dong,17052,452,398,1624,1615,2097,1984,1503,1336,1394,1334,972,993,421,509,123,226,29,42,17030,0,18,4,13623
Pahang,P.081 Jerantut,N.09 Tahan,20895,735,750,2245,2228,2595,2474,2082,2026,1369,1300,759,900,489,601,115,182,18,27,20836,31,27,1,15197
Pahang,P.081 Jerantut,N.10 Damak,34967,1221,1116,4143,3916,4218,3918,2937,2706,2426,2363,1705,1712,891,978,265,352,48,52,34667,0,295,5,25164
Pahang,P.081 Jerantut,N.11 Pulau Tawar,31189,886,828,2892,2808,4355,4284,3438,3186,1688,1696,1013,1563,963,1183,183,188,12,23,31187,0,2,0,23248
Pahang,P.082 Indera Mahkota,N.12 Beserah,59370,2656,2545,7972,7543,6928,6515,4671,4908,3794,3936,2541,2651,968,1066,231,340,48,57,58456,807,99,8,38721
Pahang,P.082 Indera Mahkota,N.13 Semambu,61179,2644,2380,8137,7629,7372,7203,4777,5022,3510,4069,2797,3056,1032,993,193,293,31,41,60075,0,1096,8,38487
Pahang,P.083 Kuantan,N.14 Teruntum,30854,601,567,2448,2114,3408,2749,2644,2417,2563,2485,2417,2506,1328,1457,418,507,123,102,29284,31,1529,10,24746
Pahang,P.083 Kuantan,N.15 Tanjung Lumpur,38185,1522,1432,4975,4900,4538,4470,2887,2880,2265,2702,1812,1897,683,750,168,221,39,44,38182,0,0,3,25120
Pahang,P.083 Kuantan,N.16 Inderapura,18558,826,751,2373,2186,1955,2000,1607,1603,1359,1341,808,846,313,360,81,120,11,18,18558,0,0,0,12830
Pahang,P.084 Paya Besar,N.17 Sungai Lembing,19130,596,572,1831,1840,2167,2263,1877,1844,1325,1320,886,953,562,636,186,210,30,32,19110,0,19,1,14729
Pahang,P.084 Paya Besar,N.18 Lepar,25728,950,902,3011,3119,3425,3519,1733,1652,1423,1782,1617,1406,512,439,85,117,19,17,25658,30,39,1,17582
Pahang,P.084 Paya Besar,N.19 Panching,34886,1403,1366,4308,4151,4167,4131,3207,3145,2130,2161,1338,1559,676,767,147,193,18,19,34868,0,10,8,22824
Pahang,P.085 Pekan,N.20 Pulau Manis,30113,1184,1011,4631,3323,4874,3920,2805,2640,1453,1555,826,902,367,368,87,130,17,20,23587,6486,38,2,20389
Pahang,P.085 Pekan,N.21 Peramu Jaya,41915,1602,1389,5018,4801,4917,4898,3764,3679,2737,2994,1880,1994,726,930,173,319,44,50,41381,149,378,7,32291
Pahang,P.085 Pekan,N.22 Bebar,21294,954,895,2718,2707,2438,2516,1877,1783,1419,1334,796,784,324,417,77,164,44,47,21288,0,3,3,14968
Pahang,P.085 Pekan,N.23 Chini,26121,698,675,2755,2631,4300,4406,2206,2116,869,1346,1413,1565,562,397,68,83,13,18,26109,0,12,0,21251
Pahang,P.086 Maran,N.24 Luit,16279,560,507,1848,1723,1948,1895,1460,1327,1253,1164,737,743,339,464,102,164,26,19,16087,0,192,0,12284
Pahang,P.086 Maran,N.25 Kuala Sentul,17434,550,533,1577,1515,2086,2015,2013,1909,1330,1060,445,638,481,874,176,203,19,10,17423,0,9,2,13360
Pahang,P.086 Maran,N.26 Chenor,19415,585,552,1867,1898,2331,2223,1868,1852,1523,1438,778,838,440,707,158,300,20,37,19394,0,21,0,15392
Pahang,P.087 Kuala Krau,N.27 Jenderak,13994,505,439,1484,1412,1685,1682,1452,1329,922,942,526,671,309,380,69,142,24,21,13984,0,9,1,10569
Pahang,P.087 Kuala Krau,N.28 Kerdau,15184,438,404,1577,1490,1908,1935,1405,1347,919,1041,752,890,371,395,92,169,23,28,15173,0,11,0,11974
Pahang,P.087 Kuala Krau,N.29 Jengka,31359,953,903,2909,2803,4404,4359,3535,3344,1478,1432,914,1752,1141,1172,134,115,5,6,31335,0,23,1,24721
Pahang,P.088 Temerloh,N.30 Mentakab,37269,1348,1229,4689,4454,4274,4229,2701,2786,2363,2738,2035,2063,800,936,215,317,45,47,37209,0,57,3,25431
Pahang,P.088 Temerloh,N.31 Lanchang,32774,1027,972,3895,3513,4338,4076,2907,2924,2006,2056,1370,1711,676,760,174,277,42,50,31617,1135,19,3,23706
Pahang,P.088 Temerloh,N.32 Kuala Semantan,36786,1357,1243,4660,4236,4558,4391,3007,2894,2431,2416,1732,1732,675,757,224,352,54,67,35445,894,441,6,25944
Pahang,P.089 Bentong,N.33 Bilut,24286,636,604,2611,2180,2748,2323,2115,1851,2000,1869,1464,1477,757,891,274,396,40,50,23544,506,231,5,19101
Pahang,P.089 Bentong,N.34 Ketari,30758,870,812,3050,2898,3658,3453,2700,2585,2404,2260,1884,1831,844,886,236,304,36,47,30331,392,34,1,23506
Pahang,P.089 Bentong,N.35 Sabai,15643,457,455,1484,1429,1684,1660,1461,1393,1268,1146,884,919,411,570,157,195,41,29,15626,0,14,3,11971
Pahang,P.089 Bentong,N.36 Pelangai,16371,429,419,1450,1481,2034,1915,1633,1467,1168,1109,789,902,541,675,144,177,19,19,16339,0,28,4,12781
Pahang,P.090 Bera,N.37 Guai,24412,686,657,2209,2238,3165,2967,2639,2543,1571,1404,999,1288,756,858,167,224,16,25,24397,0,14,1,19353
Pahang,P.090 Bera,N.38 Triang,25891,807,735,2572,2413,2823,2635,2582,2243,2133,1960,1382,1311,735,949,255,298,27,31,25649,0,239,3,20083
Pahang,P.090 Bera,N.39 Kemayan,27366,909,655,3648,2770,4408,4133,2178,1993,1282,1523,1140,1325,613,568,91,87,23,20,23814,3521,26,5,19275
Pahang,P.091 Rompin,N.40 Bukit Ibam,31003,938,951,3128,3150,4660,4597,3056,3025,1256,1419,1220,1808,827,780,97,69,11,11,30674,297,32,0,22806
Pahang,P.091 Rompin,N.41 Muadzam Shah,29663,875,980,3413,3349,4766,4612,2274,2035,1211,1599,1607,1801,626,379,50,57,17,12,29620,0,43,0,20206
Pahang,P.091 Rompin,N.42 Tioman,28465,1054,1001,3684,3554,3658,3360,2234,2223,1931,1837,1204,1272,484,597,117,191,28,36,28200,0,262,3,18906
Selangor,P.092 Sabak Bernam,N.01 Sungai Air Tawar,19961,609,557,1974,1958,2277,2321,1785,1617,1584,1400,956,1127,522,764,148,272,40,50,19943,0,18,0,16274
Selangor,P.092 Sabak Bernam,N.02 Sabak,31648,978,959,3407,3329,3820,3745,2586,2573,2185,2386,1576,1706,684,1068,187,334,63,62,31608,6,33,1,24589
Selangor,P.093 Sungai Besar,N.03 Sungai Panjang,40465,1364,1310,4884,4636,5198,4851,3357,3222,2752,2789,1713,1863,761,1122,165,363,47,68,40164,0,300,1,30638
Selangor,P.093 Sungai Besar,N.04 Sekinchan,23917,574,580,2555,2250,2897,2595,2239,2086,2026,1844,1241,1250,576,710,154,273,17,50,23890,0,25,2,18101
Selangor,P.094 Hulu Selangor,N.05 Hulu Bernam,30189,931,848,2899,2998,3367,3359,2681,2635,2334,2256,1520,1674,771,1126,282,398,59,51,30147,0,40,2,22857
Selangor,P.094 Hulu Selangor,N.06 Kuala Kubu Baharu,39808,1255,1132,4430,4247,4500,4296,3303,3192,3107,3102,2180,2323,872,1030,268,401,73,97,38930,275,602,1,29133
Selangor,P.094 Hulu Selangor,N.07 Batang Kali,84320,4305,3925,12730,12013,8079,8493,5849,6767,6029,6319,3432,3393,1035,1175,240,397,51,88,83883,0,427,10,49000
Selangor,P.095 Tanjong Karang,N.08 Sungai Burong,31570,1025,953,3539,3313,3852,3621,2887,2738,2397,2252,1421,1531,603,882,145,318,48,45,31540,0,27,3,24045
Selangor,P.095 Tanjong Karang,N.09 Permatang,30624,963,899,3246,3080,3594,3399,2692,2679,2248,2216,1598,1751,707,937,162,317,76,60,30622,0,0,2,23153
Selangor,P.096 Kuala Selangor,N.10 Bukit Melawati,37649,1378,1234,4531,4330,4497,4325,3100,3148,2514,2677,1763,1908,726,936,168,289,67,58,37288,0,358,3,26573
Selangor,P.096 Kuala Selangor,N.11 Ijok,30344,1004,969,3281,3304,3422,3405,2670,2722,2307,2299,1457,1541,609,851,150,262,46,45,30324,0,19,1,23073
Selangor,P.096 Kuala Selangor,N.12 Jeram,34958,1857,1780,5004,4887,3342,3488,2674,2922,2489,2477,1265,1397,469,553,91,187,36,40,34941,0,14,3,19751
Selangor,P.097 Selayang,N.13 Kuang,44424,2391,2189,6469,6241,4425,4644,3239,3777,2909,2982,1648,1782,608,733,130,191,30,36,44390,0,33,1,26481
Selangor,P.097 Selayang,N.14 Rawang,75145,3339,2976,10017,9546,7393,7619,6026,6340,5305,5552,3529,3464,1365,1554,396,524,91,109,75030,34,71,10,46125
Selangor,P.097 Selayang,N.15 Taman Templer,61970,2140,2103,7004,6704,7348,6958,5049,5345,4477,4902,3297,3569,1057,1337,267,338,37,38,61461,0,506,3,43570
Selangor,P.098 Gombak,N.16 Sungai Tua,48640,1662,1558,5124,4915,5362,5388,4500,4554,3734,3685,2540,2779,1002,1259,187,295,56,40,48457,179,0,4,34180
Selangor,P.098 Gombak,N.17 Gombak Setia,86963,3318,3101,10868,10351,10568,10289,6953,7105,5436,5875,4069,4760,1667,1822,288,405,42,46,86813,36,81,33,55461
Selangor,P.098 Gombak,N.18 Hulu Kelang,71141,2166,1934,7096,6668,8143,7806,6613,6458,4891,5089,3769,4911,2045,2393,447,567,50,95,70962,0,138,41,51471
Selangor,P.099 Ampang,N.19 Bukit Antarabangsa,68503,2278,2119,7053,6756,6707,6725,5705,6119,5338,5579,4016,4358,1931,2256,542,794,93,134,68170,0,305,28,46537
Selangor,P.099 Ampang,N.20 Lembah Jaya,64991,2089,1975,7335,6994,7597,7471,5591,5698,4490,4898,3436,3946,1314,1459,250,381,29,38,64978,0,0,13,45200
Selangor,P.100 Pandan,N.21 Pandan Indah,70260,1965,1827,7320,6859,8565,7988,6289,6280,5221,5785,3980,4480,1378,1519,258,447,45,54,69664,0,574,22,49063
Selangor,P.100 Pandan,N.22 Teratai,78470,2313,2195,8068,7749,8565,8514,7257,7527,6086,6768,4075,4884,1547,1963,354,520,35,50,78456,0,0,14,52256
Selangor,P.101 Hulu Langat,N.23 Dusun Tua,73049,2527,2457,8752,8279,8835,8000,6016,5826,5093,5317,3845,3957,1471,1641,362,533,59,79,70785,0,2251,13,49106
Selangor,P.101 Hulu Langat,N.24 Semenyih,93853,5157,4749,13439,12910,9387,9449,7209,8024,6048,6356,3778,3821,1192,1457,274,466,53,84,93015,0,815,23,53257
Selangor,P.102 Bangi,N.25 Kajang,107100,4413,4139,13929,13269,11763,11605,8914,9292,6912,7807,4699,5222,1888,2085,469,564,62,68,106255,17,800,28,62170
Selangor,P.102 Bangi,N.26 Sungai Ramal,94255,4814,4623,13355,12838,10651,10281,7085,8035,5735,6309,3715,3923,1293,1179,148,222,22,27,93766,328,119,42,54961
Selangor,P.102 Bangi,N.27 Balakong,102075,4095,4056,12964,12024,10651,10575,8215,8950,6885,8016,5001,5284,1878,2210,441,686,51,93,102029,0,25,21,61659
Selangor,P.103 Puchong,N.28 Seri Kembangan,61996,1673,1590,6108,5778,6198,6182,6024,5764,5060,5184,3776,3903,1696,1860,440,651,48,61,61872,0,115,9,43611
Selangor,P.103 Puchong,N.29 Seri Serdang,90865,4376,4126,11997,11309,8851,8704,8691,9182,6556,6447,3363,3648,1325,1582,299,322,43,44,90554,38,258,15,52826
Selangor,P.104 Subang,N.30 Kinrara,120415,5178,4821,14625,13808,11555,11027,10915,11756,9840,10432,5510,5536,1868,2296,484,657,41,66,119557,182,644,32,72399
Selangor,P.104 Subang,N.31 Subang Jaya,110525,2696,2566,10951,10161,12272,11457,8708,9310,7845,9849,7787,8994,3202,3073,591,871,69,123,109580,0,878,67,74023
Selangor,P.105 Petaling Jaya,N.32 Seri Setia,79246,2553,2314,8666,7869,9521,8343,7323,7408,5828,6398,3830,4672,1542,1922,379,535,75,68,75632,3444,152,18,52650
Selangor,P.105 Petaling Jaya,N.33 Taman Medan,61585,1853,1824,6190,6074,6611,6649,6025,5833,4731,4694,3118,3881,1438,1707,321,471,65,100,61578,0,0,7,44731
Selangor,P.105 Petaling Jaya,N.34 Bukit Gasing,54317,816,738,2915,2678,3795,3603,4287,4228,4740,5195,4863,5453,3221,3797,1205,1912,386,485,53591,0,714,12,43539
Selangor,P.106 Damansara,N.35 Kampung Tunku,58510,870,790,2891,2764,3936,3792,4952,5191,5043,5562,4770,5837,3642,4543,1518,1839,227,343,58240,0,255,15,48601
Selangor,P.106 Damansara,N.36 Bandar Utama,72269,1707,1520,6050,5560,6935,6614,6486,6902,5444,6054,4934,6003,2993,3221,697,886,76,187,72055,0,197,17,51504
Selangor,P.106 Damansara,N.37 Bukit Lanjan,108324,4317,4070,13194,12346,11447,11442,9853,10859,7610,8466,4545,5100,1721,2146,459,624,44,81,108262,0,37,25,64217
Selangor,P.107 Sungai Buloh,N.38 Paya Jaras,70729,3526,3320,9992,9591,8067,7875,5562,5810,4482,4585,2683,2855,918,955,161,244,67,36,70120,576,19,14,40269
Selangor,P.107 Sungai Buloh,N.39 Kota Damansara,87361,4376,4020,11888,11142,8973,8623,7270,8156,6352,6513,3412,3440,1160,1317,269,361,43,46,85539,1281,512,29,50438
Selangor,P.108 Shah Alam,N.40 Kota Anggerik,90996,4590,4238,12313,11677,10031,9458,7355,7836,5546,5661,3839,4287,1635,1732,310,389,45,54,89186,54,1704,52,52282
Selangor,P.108 Shah Alam,N.41 Batu Tiga,74748,2425,2213,7766,7303,8566,8458,7054,7139,5463,5770,4051,4945,1503,1522,190,280,43,57,74738,0,0,10,55034
Selangor,P.109 Kapar,N.42 Meru,64367,2874,2937,9014,8702,7014,6918,5274,5721,4253,4467,2369,2568,805,992,148,231,38,42,63909,0,453,5,39091
Selangor,P.109 Kapar,N.43 Sementa,67782,2949,2882,9148,8571,7500,7312,5694,5818,4688,4766,2676,2872,1048,1204,219,336,54,45,67777,0,0,5,44516
Selangor,P.109 Kapar,N.44 Selat Klang,57220,2079,2011,6621,6364,6383,6062,4949,5088,4242,4442,2812,3051,1110,1340,214,344,52,56,57178,0,38,4,41376
Selangor,P.110 Klang,N.45 Bandar Baru Klang,82340,2193,2054,7837,7280,8065,7893,7437,7523,6340,6796,5427,5837,2579,3048,670,1028,138,195,82288,0,31,21,58017
Selangor,P.110 Klang,N.46 Pelabuhan Klang,50913,2218,1943,6133,5738,5301,5177,4858,4890,3850,3611,2170,2468,871,1098,185,296,69,37,50485,308,118,2,33809
Selangor,P.110 Klang,N.47 Pandamaran,75660,1658,1596,6090,5465,7131,6519,6930,6896,6507,6521,5558,6028,2928,3410,757,1138,273,255,74839,0,809,12,57522
Selangor,P.111 Kota Raja,N.48 Sentosa,88435,3865,3743,11986,11186,9967,10026,7417,8702,5292,6161,3121,3655,1229,1462,220,338,34,31,88419,0,0,16,51444
Selangor,P.111 Kota Raja,N.49 Sungai Kandis,76676,3546,3421,9845,9598,8324,8574,6465,6920,4945,5125,3139,3587,1210,1335,218,308,65,51,76663,0,0,13,50800
Selangor,P.111 Kota Raja,N.50 Kota Kemuning,79601,3971,3702,10588,10168,7588,7398,6984,7224,6226,6074,3266,3511,1072,1205,209,326,37,52,79541,0,37,23,46777
Selangor,P.112 Kuala Langat,N.51 Sijangkang,60902,2926,2694,7914,7515,6636,6716,5305,5547,3948,4085,2319,2550,866,1125,214,376,89,77,60868,0,30,4,39455
Selangor,P.112 Kuala Langat,N.52 Banting,44454,1428,1390,4700,4486,4998,4923,4300,4136,3120,3313,2328,2530,945,1112,229,411,59,46,44412,0,37,5,31006
Selangor,P.112 Kuala Langat,N.53 Morib,43281,1649,1499,5380,5015,5305,5033,3614,3610,2722,2927,1918,2157,789,1040,200,328,39,56,42258,710,310,3,31945
Selangor,P.113 Sepang,N.54 Tanjong Sepat,32114,1034,985,3537,3328,3550,3396,2920,2748,2498,2470,1665,1676,715,934,195,362,38,63,32105,0,7,2,24272
Selangor,P.113 Sepang,N.55 Dengkil,89739,5026,4654,12461,11766,9234,9392,7960,8345,5675,5450,3048,3337,1119,1404,296,413,80,79,89497,0,207,35,50466
Selangor,P.113 Sepang,N.56 Sungai Pelek,46186,1776,1837,5832,5422,5460,4880,3861,3965,3246,3230,2162,2148,772,922,206,348,58,61,44536,0,1636,14,29770
W.P. Kuala Lumpur,P.114 Kepong,P.114 Kepong,94285,2013,1891,7275,6750,7903,7370,8769,8411,9232,9035,7279,7382,3676,4375,1106,1465,119,234,93994,0,283,8,72696
W.P. Kuala Lumpur,P.115 Batu,P.115 Batu,113863,3336,3244,11945,11276,13546,12558,10108,9860,7881,8510,6328,7081,2633,3282,701,1139,232,203,110866,2219,759,19,76328
W.P. Kuala Lumpur,P.116 Wangsa Maju,P.116 Wangsa Maju,120323,3205,2974,12270,11100,14933,14015,10678,10676,8101,9556,6870,8145,2624,3344,602,978,119,133,117500,2450,342,31,88482
W.P. Kuala Lumpur,P.117 Segambut,P.117 Segambut,119652,3241,3156,11241,10739,12471,12298,10227,10787,8453,9557,7420,8691,3810,4359,1127,1463,302,310,119339,0,249,64,77956
W.P. Kuala Lumpur,P.118 Setiawangsa,P.118 Setiawangsa,95753,2663,2397,10562,9013,13553,11213,8586,8173,6493,7057,4966,5804,1817,2183,396,649,96,132,83599,9365,2750,39,72136
W.P. Kuala Lumpur,P.119 Titiwangsa,P.119 Titiwangsa,80747,2060,1813,7365,6717,8758,7972,6934,6838,6652,7135,5424,6048,2156,2834,608,924,288,221,78624,1810,295,18,61598
W.P. Kuala Lumpur,P.120 Bukit Bintang,P.120 Bukit Bintang,79782,1063,1002,4184,3522,5815,4569,6559,5932,8218,7319,8698,8065,4784,5009,1586,2035,834,588,77179,0,2594,9,69526
W.P. Kuala Lumpur,P.121 Lembah Pantai,P.121 Lembah Pantai,101828,2103,1982,8700,7406,13189,9680,9997,9288,8611,8259,6576,7019,2801,3673,885,1195,231,233,92036,46,9722,24,80346
W.P. Kuala Lumpur,P.122 Seputeh,P.122 Seputeh,124805,3226,3024,10786,10399,11446,10913,11380,11842,9996,11021,7845,9000,4466,5404,1453,1999,202,403,124374,0,401,30,86256
W.P. Kuala Lumpur,P.123 Cheras,P.123 Cheras,101184,1993,1846,7226,6688,8548,7849,9236,8851,9212,9453,8376,8909,4231,4942,1247,1930,263,384,100028,0,1141,15,78819
W.P. Kuala Lumpur,P.124 Bandar Tun Razak,P.124 Bandar Tun Razak,119185,4025,3578,13440,12013,14061,13033,10809,11044,8514,9270,5531,6886,2411,3024,557,824,73,92,114154,4814,197,20,83650
W.P. Putrajaya,P.125 Putrajaya,P.125 Putrajaya,42881,1911,1660,4587,4420,6137,6583,4632,4756,2147,2235,1467,1720,293,274,25,32,1,1,41426,640,746,69,27306
Negeri Sembilan,P.126 Jelebu,N.01 Chennah,14561,351,320,1177,1033,1632,1426,1355,1237,1288,1114,946,1042,510,602,204,252,35,37,14535,0,26,0,12119
Negeri Sembilan,P.126 Jelebu,N.02 Pertang,12854,286,280,1042,1033,1565,1483,1438,1257,922,835,646,807,476,484,112,140,20,28,12840,0,13,1,10400
Negeri Sembilan,P.126 Jelebu,N.03 Sungai Lui,19115,443,461,1710,1592,2825,2634,2078,1907,791,805,900,1382,683,660,103,114,13,14,18615,0,499,1,15739
Negeri Sembilan,P.126 Jelebu,N.04 Klawang,13031,351,333,1274,1221,1339,1280,1148,1058,1029,983,864,845,341,505,149,226,36,49,12828,0,201,2,10264
Negeri Sembilan,P.127 Jempol,N.05 Serting,30248,784,744,3327,3257,4618,4657,1988,1956,1460,1961,1852,2026,672,570,127,198,23,28,29957,0,289,2,22146
Negeri Sembilan,P.127 Jempol,N.06 Palong,23546,475,452,2001,1986,3844,3830,2173,2055,546,885,1529,2185,854,645,49,34,3,0,23545,0,0,1,18170
Negeri Sembilan,P.127 Jempol,N.07 Jeram Padang,16284,489,478,1536,1572,1887,1936,1538,1613,985,1059,806,1056,469,592,99,123,26,20,16267,0,16,1,12337
Negeri Sembilan,P.127 Jempol,N.08 Bahau,25735,710,674,2471,2407,2690,2676,2187,2078,1965,1949,1632,1730,815,954,278,408,49,62,25650,0,85,0,19469
Negeri Sembilan,P.128 Seremban,N.09 Lenggeng,26993,960,935,3223,3263,2922,2824,1982,2059,2000,2060,1489,1500,525,721,158,277,44,51,26928,0,58,7,18636
Negeri Sembilan,P.128 Seremban,N.10 Nilai,41123,2034,1841,5305,5002,4123,3989,3605,3595,2908,2675,1874,1852,768,870,237,330,55,60,40716,33,365,9,24657
Negeri Sembilan,P.128 Seremban,N.11 Lobak,23264,424,426,1605,1568,2167,2122,2156,2106,1859,2039,1677,1929,903,1236,313,518,79,137,23259,0,0,5,19101
Negeri Sembilan,P.128 Seremban,N.12 Temiang,13121,224,229,980,763,1690,1116,1167,1056,1020,995,1044,1142,556,590,152,283,49,65,12082,0,1035,4,11184
Negeri Sembilan,P.128 Seremban,N.13 Sikamat,31821,1190,1162,3884,3780,3633,3669,2486,2737,1854,2128,1535,1789,713,823,174,202,33,29,31721,0,89,11,20799
Negeri Sembilan,P.128 Seremban,N.14 Ampangan,20922,548,516,2011,1873,2160,2071,1772,1759,1646,1734,1320,1548,551,796,183,326,58,50,20915,0,0,7,15791
Negeri Sembilan,P.129 Kuala Pilah,N.15 Juasseh,13299,388,346,1306,1358,1407,1336,1123,1057,980,1012,799,897,307,457,130,304,32,60,13296,0,0,3,10091
Negeri Sembilan,P.129 Kuala Pilah,N.16 Seri Menanti,10052,254,256,868,854,934,895,955,844,847,815,640,696,260,432,112,302,26,62,10026,0,26,0,8154
Negeri Sembilan,P.129 Kuala Pilah,N.17 Senaling,9896,219,220,781,764,1170,1055,907,832,662,622,725,788,337,408,107,237,23,39,9892,0,0,4,8076
Negeri Sembilan,P.129 Kuala Pilah,N.18 Pilah,17679,471,395,1727,1664,2032,1946,1412,1339,1287,1335,1122,1257,479,619,165,324,57,48,17360,0,317,2,13589
Negeri Sembilan,P.129 Kuala Pilah,N.19 Johol,12321,348,301,1161,1006,1221,1200,1170,1020,1043,1029,752,771,351,448,129,289,23,59,12301,0,19,1,9891
Negeri Sembilan,P.130 Rasah,N.20 Labu,29651,1454,1356,3992,3849,2917,2816,2255,2501,2162,2153,1341,1384,436,565,136,228,45,61,29632,0,12,7,17808
Negeri Sembilan,P.130 Rasah,N.21 Bukit Kepayang,45177,2041,1843,5696,5608,4401,4308,3390,3632,2814,3003,2373,2552,1213,1284,353,425,129,112,44530,0,635,12,26610
Negeri Sembilan,P.130 Rasah,N.22 Rahang,20359,304,264,1538,1181,2126,1866,1750,1817,1663,1576,1489,1682,942,1156,322,488,80,115,18685,1622,45,7,17084
Negeri Sembilan,P.130 Rasah,N.23 Mambau,28804,682,643,2675,2589,3242,3153,2679,2674,2086,2312,1577,2003,807,996,237,366,31,52,28775,0,23,6,20771
Negeri Sembilan,P.130 Rasah,N.24 Seremban Jaya,31905,1235,1102,3647,3726,3467,3495,2674,2903,2187,2343,1570,1689,594,733,193,273,27,47,31901,0,0,4,20565
Negeri Sembilan,P.131 Rembau,N.25 Paroi,59554,2759,2609,8466,8066,6516,6627,4268,4816,3506,4133,2663,2921,861,915,144,225,27,32,58658,736,144,16,36213
Negeri Sembilan,P.131 Rembau,N.26 Chembong,25376,902,854,2927,2968,2724,2638,1874,1981,1789,1955,1374,1505,488,747,164,358,53,75,25043,0,327,6,18116
Negeri Sembilan,P.131 Rembau,N.27 Rantau,32139,1114,1007,3610,3365,3679,3560,2963,2803,2231,2295,1612,1785,628,841,210,308,54,74,31138,970,27,4,20472
Negeri Sembilan,P.131 Rembau,N.28 Kota,16486,399,391,1406,1405,1799,1665,1432,1358,1351,1328,1026,1123,419,719,157,390,45,73,16469,0,13,4,13564
Negeri Sembilan,P.132 Port Dickson,N.29 Chuah,15039,352,367,1298,1198,1581,1395,1542,1329,1304,1236,939,1016,457,589,149,232,28,27,15007,0,29,3,12083
Negeri Sembilan,P.132 Port Dickson,N.30 Lukut,26466,965,904,3171,3042,2941,2805,2250,2359,1889,1912,1278,1330,533,660,148,213,30,36,26439,0,25,2,17298
Negeri Sembilan,P.132 Port Dickson,N.31 Bagan Pinang,23184,1589,823,3511,2576,2950,2503,1700,1679,1400,1354,963,940,360,475,104,177,32,48,18604,4526,53,1,15821
Negeri Sembilan,P.132 Port Dickson,N.32 Linggi,20387,444,425,2099,1743,2681,2608,1900,1824,1396,1405,1039,1193,525,639,153,220,43,50,18009,2333,43,2,15588
Negeri Sembilan,P.132 Port Dickson,N.33 Sri Tanjung,19374,520,503,1908,1774,2047,1874,1643,1662,1319,1502,1356,1383,621,726,180,251,54,51,18999,0,370,5,14422
Negeri Sembilan,P.133 Tampin,N.34 Gemas,29346,652,649,3678,2673,4841,4388,2794,2456,1170,1231,1325,1767,688,671,127,174,34,28,24483,4828,35,0,22318
Negeri Sembilan,P.133 Tampin,N.35 Gemencheh,24587,678,625,2368,2297,2737,2561,2348,2147,1949,1855,1290,1462,578,916,282,412,45,37,24555,0,29,3,18705
Negeri Sembilan,P.133 Tampin,N.36 Repah,27166,735,718,2898,2820,3157,2972,2262,2224,1824,2050,1611,1709,697,863,194,344,40,48,26837,0,328,1,19742
Melaka,P.134 Masjid Tanah,N.01 Kuala Linggi,14791,484,451,1541,1588,1593,1627,1382,1283,1057,1058,739,779,362,528,104,173,15,27,14775,0,15,1,11045
Melaka,P.134 Masjid Tanah,N.02 Tanjung Bidara,14019,523,529,1773,1681,1479,1440,1108,1159,1020,1050,622,728,275,403,59,136,10,24,14016,0,0,3,10092
Melaka,P.134 Masjid Tanah,N.03 Ayer Limau,15001,429,395,1769,1668,1679,1789,1113,1137,968,1168,832,896,328,447,112,220,28,23,14987,0,11,3,11211
Melaka,P.134 Masjid Tanah,N.04 Lendu,14262,482,443,1679,1555,1617,1620,1115,1149,900,1004,768,837,312,463,86,179,19,34,13983,235,44,0,10350
Melaka,P.134 Masjid Tanah,N.05 Taboh Naning,11101,308,296,1087,1107,1126,1164,902,938,845,886,592,723,299,450,117,199,22,40,11082,0,18,1,8743
Melaka,P.135 Alor Gajah,N.06 Rembia,21894,789,744,2584,2553,2382,2457,1770,1817,1381,1551,1039,1291,488,641,138,218,20,31,21824,0,69,1,15636
Melaka,P.135 Alor Gajah,N.07 Gadek,16344,439,421,1614,1501,1673,1689,1230,1264,1181,1272,1006,1221,475,742,190,312,50,64,16300,0,44,0,12922
Melaka,P.135 Alor Gajah,N.08 Machap Jaya,15880,427,424,1557,1428,1804,1565,1415,1284,1369,1268,993,980,403,510,141,247,26,39,15497,0,383,0,12719
Melaka,P.135 Alor Gajah,N.09 Durian Tunggal,19189,831,776,2312,2235,2049,2133,1679,1645,1261,1243,849,961,376,514,117,154,23,31,19142,23,22,2,13076
Melaka,P.135 Alor Gajah,N.10 Asahan,20004,554,514,1899,1892,2239,2207,1891,1819,1419,1455,1034,1181,559,756,214,292,35,44,19986,0,17,1,16011
Melaka,P.136 Tangga Batu,N.11 Sungai Udang,28257,818,670,5229,2639,5345,3960,2612,2259,1298,1212,708,779,248,291,66,100,7,16,18677,9570,9,1,22323
Melaka,P.136 Tangga Batu,N.12 Pantai Kundor,20174,599,571,2114,2033,2203,2228,1833,1797,1387,1461,1066,1228,522,676,147,249,26,34,20163,0,9,2,15686
Melaka,P.136 Tangga Batu,N.13 Paya Rumput,41144,2148,2064,5764,5766,4137,4391,3237,3440,2611,2692,1615,1668,587,645,132,200,13,34,41115,0,23,6,25038
Melaka,P.136 Tangga Batu,N.14 Kelebang,26423,798,760,2715,2588,2882,2861,2336,2297,1795,1926,1472,1659,776,952,204,315,37,50,26406,0,10,7,20166
Melaka,P.137 Hang Tuah Jaya,N.15 Pengkalan Batu,25559,630,587,2362,2272,2913,2902,2247,2254,1784,2045,1459,1835,738,963,189,297,37,45,25557,0,0,2,21182
Melaka,P.137 Hang Tuah Jaya,N.16 Ayer Keroh,36058,1264,1220,4293,3978,4202,4001,2862,2944,2380,2536,1912,2109,848,951,206,299,15,38,35160,0,890,8,25407
Melaka,P.137 Hang Tuah Jaya,N.17 Bukit Katil,33563,1115,1104,3684,3659,3794,3702,2843,3023,2152,2402,1698,1937,811,981,219,336,29,74,33263,269,27,4,25072
Melaka,P.137 Hang Tuah Jaya,N.18 Ayer Molek,23313,828,832,2835,2725,2589,2697,1864,1909,1540,1666,1128,1268,473,565,129,214,16,35,23296,0,15,2,17703
Melaka,P.138 Kota Melaka,N.19 Kesidang,52151,1779,1724,5895,5816,5699,5784,4521,4702,3445,3821,2594,2923,1203,1416,297,430,30,72,52116,0,26,9,37355
Melaka,P.138 Kota Melaka,N.20 Kota Laksamana,34949,586,537,2322,2175,2969,2880,3033,3086,2859,3083,2832,3234,1597,2025,532,904,121,174,34923,0,19,7,29952
Melaka,P.138 Kota Melaka,N.21 Duyong,24506,827,823,2781,2737,2634,2674,1948,1961,1619,1803,1379,1535,599,714,157,248,26,41,24501,0,0,5,18110
Melaka,P.138 Kota Melaka,N.22 Bandar Hilir,24421,340,341,1414,1273,2022,1843,2074,2069,2117,2152,2073,2311,1284,1634,428,735,136,175,23805,0,612,4,20990
Melaka,P.138 Kota Melaka,N.23 Telok Mas,28113,1000,960,3193,3203,3085,3101,2329,2409,1903,2011,1308,1597,642,847,188,255,41,41,28095,0,14,4,20441
Melaka,P.139 Jasin,N.24 Bemban,24689,824,766,2806,2769,2770,2747,2022,2086,1649,1809,1232,1351,549,724,203,305,36,41,24488,0,198,3,18393
Melaka,P.139 Jasin,N.25 Rim,17256,503,474,1742,1718,1745,1737,1379,1437,1359,1433,1060,1141,425,605,161,271,32,34,17244,0,10,2,13689
Melaka,P.139 Jasin,N.26 Serkam,20440,679,700,2337,2319,2210,2291,1804,1803,1378,1476,973,1092,454,585,98,188,15,38,20440,0,0,0,15748
Melaka,P.139 Jasin,N.27 Merlimau,18469,640,595,2076,2101,1971,1914,1493,1668,1343,1397,881,1047,374,577,130,214,20,28,18455,0,14,0,13810
Melaka,P.139 Jasin,N.28 Sungai Rambai,15354,530,452,1701,1676,1637,1653,1304,1318,1162,1145,753,829,337,466,103,229,20,39,15349,0,5,0,11792
Johor,P.140 Segamat,N.01 Buloh Kasap,28479,751,723,3006,2851,3637,3407,2369,2225,1816,1984,1757,1882,698,768,187,291,52,75,28467,0,10,2,21484
Johor,P.140 Segamat,N.02 Jementah,40881,951,910,3696,3398,4464,4105,3397,3177,3190,3136,2917,3078,1446,1635,438,733,97,113,40000,306,571,4,33866
Johor,P.141 Sekijang,N.03 Pemanis,29969,793,777,2847,2830,3461,3364,2793,2608,1970,2069,1744,2134,966,956,223,354,28,52,29967,0,0,2,22314
Johor,P.141 Sekijang,N.04 Kemelah,34012,1131,1121,3920,3856,4054,3965,3028,2884,2061,2196,1474,1851,901,951,213,340,24,42,34011,0,0,1,23282
Johor,P.142 Labis,N.05 Tenang,22560,520,572,2167,1918,2409,2380,2206,1945,1862,1825,1228,1351,652,838,229,357,43,58,22551,0,7,2,18398
Johor,P.142 Labis,N.06 Bekok,27286,678,620,2460,2386,2779,2741,2513,2248,2167,2105,1784,1902,976,1026,295,432,83,91,27251,0,34,1,21958
Johor,P.143 Pagoh,N.07 Bukit Kepong,37509,918,882,3557,3488,4429,4268,3129,2969,2763,2763,2491,2474,965,1119,383,698,86,127,37430,0,79,0,28992
Johor,P.143 Pagoh,N.08 Bukit Pasir,32430,1185,1038,3833,3641,3412,3381,2735,2731,2331,2307,1574,1711,713,907,269,521,52,89,32405,0,24,1,22520
Johor,P.144 Ledang,N.09 Gambir,29548,961,888,3110,2939,3006,3121,2564,2454,2274,2322,1624,1643,742,991,312,475,49,73,29509,0,37,2,22726
Johor,P.144 Ledang,N.10 Tangkak,35887,1128,1105,3782,3657,3780,3709,3049,3027,2609,2667,2050,2109,1039,1241,314,489,55,77,35590,0,294,3,26354
Johor,P.144 Ledang,N.11 Serom,39142,1238,1134,4268,4343,4274,4276,3182,3125,2792,2879,2107,2282,926,1204,338,606,63,105,39110,0,27,5,28394
Johor,P.145 Bakri,N.12 Bentayan,34571,717,681,2697,2523,3132,3120,2993,2861,2814,2862,2590,2860,1374,1753,504,798,132,160,34559,0,12,0,27856
Johor,P.145 Bakri,N.13 Simpang Jeram,40197,1384,1230,4701,4596,4589,4620,3489,3487,2491,2819,1862,2193,872,1155,244,378,26,61,40191,0,0,6,28193
Johor,P.145 Bakri,N.14 Bukit Naning,22567,628,528,2251,2151,2537,2218,2142,1949,1864,1854,1315,1332,531,683,176,335,28,45,21658,0,905,4,17834
Johor,P.146 Muar,N.15 Maharani,38750,1203,1094,4178,3937,4283,4097,3274,3205,2751,2729,2132,2389,1006,1313,339,594,83,143,38199,0,543,8,27900
Johor,P.146 Muar,N.16 Sungai Balang,30175,846,894,3269,3049,3180,3321,2672,2505,2217,2143,1643,1713,756,1023,274,489,67,114,30154,0,20,1,22943
Johor,P.147 Parit Sulong,N.17 Semerah,46652,1299,1282,4473,4474,4461,4407,3687,3701,3809,3855,3042,3220,1459,1831,490,863,133,166,46640,0,11,1,35557
Johor,P.147 Parit Sulong,N.18 Sri Medan,32832,1056,1031,3640,3617,3504,3494,2742,2755,2514,2527,1691,1697,709,960,262,505,57,71,32794,0,32,6,24052
Johor,P.148 Ayer Hitam,N.19 Yong Peng,33186,1047,946,3431,3361,3498,3391,2928,2767,2589,2520,1967,1962,868,1056,313,432,44,66,33147,0,36,3,24903
Johor,P.148 Ayer Hitam,N.20 Semarang,27855,951,903,3021,3086,3018,2858,2372,2384,2165,2170,1397,1446,610,814,198,362,35,65,27841,0,12,2,21254
Johor,P.149 Sri Gading,N.21 Parit Yaani,42267,1674,1477,5371,5319,4708,4573,3540,3524,2733,2977,1891,2048,701,943,275,427,21,65,42245,0,13,9,26635
Johor,P.149 Sri Gading,N.22 Parit Raja,36335,1315,1303,4451,4141,3507,3621,2887,2884,2806,2837,1878,1984,808,1024,300,464,48,77,36245,54,29,7,25484
Johor,P.150 Batu Pahat,N.23 Penggaram,69241,1819,1689,6860,6625,7599,7369,6004,6006,4996,5383,3847,4537,2030,2582,642,993,92,168,68811,0,411,19,49750
Johor,P.150 Batu Pahat,N.24 Senggarang,37547,1268,1133,4309,3882,4063,3903,3222,3053,2874,2787,2038,1930,905,1174,291,533,66,116,36844,676,20,7,27587
Johor,P.150 Batu Pahat,N.25 Rengit,27122,830,814,2773,2787,3030,2932,2211,2184,1999,2024,1388,1524,746,1054,267,402,69,88,27100,0,15,7,21206
Johor,P.151 Simpang Renggam,N.26 Machap,33941,1159,1089,3890,3858,3780,3792,2762,2731,2461,2500,1727,1767,718,932,288,384,34,69,33914,0,25,2,24156
Johor,P.151 Simpang Renggam,N.27 Layang-Layang,25092,640,607,2461,2335,2997,2568,2238,2041,1910,1940,1417,1572,708,906,263,343,66,80,24396,0,694,2,19842
Johor,P.152 Kluang,N.28 Mengkibol,66589,1923,1741,6764,6472,6697,6641,5718,5426,4752,5120,4273,4504,2222,2443,702,887,133,171,66531,0,46,12,48365
Johor,P.152 Kluang,N.29 Mahkota,65753,2022,1765,7960,6928,8262,7796,5498,5422,4299,4534,3101,3581,1552,1778,421,626,87,121,60336,5032,369,16,48550
Johor,P.153 Sembrong,N.30 Paloh,25646,637,574,2220,2195,2931,2651,2366,2264,1942,1923,1670,1731,838,951,259,359,64,71,25612,0,31,3,21399
Johor,P.153 Sembrong,N.31 Kahang,29336,778,697,2961,2919,3977,4107,2535,2383,1567,1672,1807,1993,889,693,129,173,20,36,29319,0,13,4,22738
Johor,P.154 Mersing,N.32 Endau,27993,933,879,3067,3153,3336,3180,2261,2207,2009,2065,1519,1470,608,746,163,293,44,60,27959,0,30,4,19538
Johor,P.154 Mersing,N.33 Tenggaroh,38282,930,883,3967,3580,6070,5699,3350,2970,1630,1826,2264,2664,1095,865,139,234,54,62,36630,1386,266,0,28638
Johor,P.155 Tenggara,N.34 Panti,38758,1476,1482,4562,4550,4638,4658,3656,3670,2243,2404,1418,1804,919,916,159,175,14,14,38674,0,80,4,25751
Johor,P.155 Tenggara,N.35 Pasir Raja,28536,1097,979,3772,3311,3343,3066,2331,2336,2100,2120,1233,1226,399,587,170,385,37,44,26581,1936,14,5,18998
Johor,P.156 Kota Tinggi,N.36 Sedili,28674,754,753,2791,2695,4142,3963,2820,2645,1475,1551,1321,1676,886,866,147,138,32,19,28661,0,13,0,21456
Johor,P.156 Kota Tinggi,N.37 Johor Lama,32617,791,804,2940,2776,4073,3926,3323,2982,2103,2163,1726,1975,1063,1253,301,296,55,67,32230,0,386,1,25221
Johor,P.157 Pengerang,N.38 Penawar,30101,905,921,2816,2793,3708,3643,3593,3372,1758,1710,749,1314,1003,1380,276,150,6,4,30072,0,27,2,21490
Johor,P.157 Pengerang,N.39 Tanjung Surat,25215,651,550,2395,1980,3451,3164,2825,2468,1363,1216,1146,1684,1001,818,129,183,86,105,24502,570,143,0,18989
Johor,P.158 Tebrau,N.40 Tiram,107523,5376,5123,15025,14587,11182,10748,9136,9552,7823,7530,3954,3827,1259,1383,304,494,111,109,107438,0,80,5,60686
Johor,P.158 Tebrau,N.41 Puteri Wangsa,115778,5760,5336,15914,14935,11939,11696,10869,11231,8073,7837,3947,4213,1414,1669,333,486,59,67,115565,0,198,15,62347
Johor,P.159 Pasir Gudang,N.42 Johor Jaya,93122,3245,3009,11163,10540,10399,9533,8154,8189,7677,7724,4553,4633,1571,1764,361,490,39,78,91361,1016,727,18,61079
Johor,P.159 Pasir Gudang,N.43 Permas,105363,4436,4377,13905,13061,11645,11125,9351,9480,7954,8002,4502,4254,1256,1374,234,312,49,46,105063,121,171,8,63093
Johor,P.160 Johor Bahru,N.44 Larkin,75978,1747,1698,6659,6152,8083,7554,6712,6274,5986,6211,4930,5775,2658,3157,769,1165,194,254,75358,0,601,19,55858
Johor,P.160 Johor Bahru,N.45 Stulang,60390,1207,1094,4547,4058,6144,5178,5704,5128,5071,4993,4434,5006,2469,3119,773,987,198,280,58988,0,1392,10,45551
Johor,P.161 Pulai,N.46 Perling,102621,3928,3828,11542,10675,10743,9936,10307,10245,7277,6959,4784,5187,2431,2560,680,895,379,265,101527,0,1073,21,62895
Johor,P.161 Pulai,N.47 Kempas,62692,1892,1749,6482,6203,6907,6563,5731,5656,4803,5256,3329,3762,1513,1776,380,527,64,99,62634,0,47,11,43373
Johor,P.162 Iskandar Puteri,N.48 Skudai,103487,3018,2743,10489,10080,10962,10190,9592,9382,8662,8921,6112,6720,2453,2764,507,682,79,131,102787,0,690,10,70928
Johor,P.162 Iskandar Puteri,N.49 Kota Iskandar,118950,5575,5304,16636,15648,13011,13061,10403,10859,7773,8182,4274,4207,1438,1624,318,476,64,97,118705,0,225,20,67371
Johor,P.163 Kulai,N.50 Bukit Permai,40348,1987,1878,5273,5059,4054,3951,3605,3747,2807,2707,1514,1729,710,761,183,284,37,62,40343,0,0,5,24275
Johor,P.163 Kulai,N.51 Bukit Batu,46729,1889,1791,5924,5718,4772,4730,4143,4071,3390,3476,1984,1966,969,1032,304,438,57,75,46642,0,82,5,30216
Johor,P.163 Kulai,N.52 Senai,64170,2128,1934,6908,6531,6326,5835,5618,5596,5354,5238,3598,3735,1847,1944,605,758,86,129,63520,48,595,7,44656
Johor,P.164 Pontian,N.53 Benut,28243,818,799,2888,2894,3262,3189,2337,2304,2106,2062,1503,1425,735,1039,287,434,60,101,28229,0,11,3,20894
Johor,P.164 Pontian,N.54 Pulai Sebatang,46969,1362,1271,4782,4620,5246,4906,3936,3826,3425,3524,2706,2818,1347,1782,454,700,108,156,46897,0,69,3,34676
Johor,P.165 Tanjung Piai,N.55 Pekan Nanas,36078,1199,1131,4010,3712,3746,3641,3195,3171,2748,2735,1899,1846,997,1113,324,449,62,100,36051,0,24,3,26608
Johor,P.165 Tanjung Piai,N.56 Kukup,34601,911,890,3501,3187,3806,3550,3028,2772,2788,2536,2191,2111,1048,1236,321,507,86,132,34318,0,280,3,26920
W.P. Labuan,P.166 Labuan,P.166 Labuan,44484,1690,1535,5509,4973,5685,5201,3619,3339,2997,2803,2478,2171,922,830,247,281,115,89,43034,1069,375,6,28356
Sabah,P.167 Kudat,N.01 Banggi,9127,346,371,1128,1131,980,1028,675,629,520,482,401,404,183,231,103,207,132,176,9127,0,0,0,11054
Sabah,P.167 Kudat,N.02 Bengkoka,17355,737,718,2159,2046,2170,1935,1412,1269,1024,900,667,659,300,501,186,287,165,220,17355,0,0,0,
Sabah,P.167 Kudat,N.03 Pitas,16374,685,653,2033,2008,2016,1942,1408,1351,898,838,643,619,254,330,137,227,134,198,16374,0,0,0,17269
Sabah,P.167 Kudat,N.04 Tanjong Kapor,32868,1326,1194,3653,3466,3986,3728,3025,2817,2218,2064,1494,1489,664,713,251,400,156,224,32351,0,517,0,23928
Sabah,P.168 Kota Marudu,N.05 Matunggong,27546,1112,1082,3413,3327,3577,3384,2352,2150,1628,1466,979,986,458,599,266,358,162,247,27546,0,0,0,22906
Sabah,P.168 Kota Marudu,N.06 Bandau,25265,1087,950,3412,3247,3345,3225,2064,1964,1375,1319,868,883,346,455,168,267,124,166,25090,0,175,0,
Sabah,P.168 Kota Marudu,N.07 Tandek,27924,1202,1173,3741,3465,3536,3474,2200,2108,1505,1440,1121,988,530,654,216,290,116,165,27922,0,0,2,24101
Sabah,P.169 Kota Belud,N.08 Pintasan,15103,604,520,1710,1634,1760,1821,1276,1354,895,964,599,744,281,440,119,213,57,112,15103,0,0,0,
Sabah,P.169 Kota Belud,N.09 Tempasuk,16393,541,559,1805,1795,1988,1917,1334,1395,1139,1179,663,815,283,406,134,243,71,126,16072,321,0,0,19129
Sabah,P.169 Kota Belud,N.10 Usukan,23145,963,864,2620,2650,2681,2759,2001,1976,1494,1571,1000,1156,305,466,138,263,89,149,22979,0,165,1,20808
Sabah,P.169 Kota Belud,N.11 Kadamaian,25244,848,799,2761,2786,3100,3052,2147,2141,1762,1767,1218,1191,437,469,200,341,70,155,25243,0,0,1,17982
Sabah,P.170 Tuaran,N.12 Sulaman,16944,657,648,1892,1823,2115,2162,1413,1511,1086,1147,769,794,248,302,87,135,62,93,16943,0,0,1,22611
Sabah,P.170 Tuaran,N.13 Pantai Dalit,24278,1125,1105,3000,3013,2817,2801,1891,1883,1582,1640,1021,1030,362,449,109,217,100,133,24088,0,190,0,
Sabah,P.170 Tuaran,N.14 Tamparuli,25726,982,864,2755,2672,3006,3028,2275,2256,1856,1868,1268,1228,440,534,161,312,90,131,25723,0,3,0,18836
Sabah,P.170 Tuaran,N.15 Kiulu,16471,534,547,1738,1717,2106,1930,1475,1380,1216,1139,753,711,318,339,146,213,81,128,16470,0,0,1,12953
Sabah,P.171 Sepanggar,N.16 Karambunai,34670,1794,1729,5649,5037,4917,4593,2563,2507,1479,1453,1050,885,286,298,102,136,86,106,32492,2174,0,4,34451
Sabah,P.171 Sepanggar,N.17 Darau,30711,1385,1238,4141,4092,3843,3801,2306,2284,1889,1831,1478,1193,446,398,114,131,70,71,30710,0,0,1,
Sabah,P.171 Sepanggar,N.18 Inanam,42989,1775,1645,5356,5268,5176,5063,3535,3675,2808,2708,2009,1842,653,668,214,307,140,147,42974,0,11,4,27964
Sabah,P.172 Kota Kinabalu,N.19 Likas,19567,382,358,1327,1326,1506,1536,1598,1805,1691,1842,1668,1749,922,934,293,338,148,144,19559,0,6,2,15126
Sabah,P.172 Kota Kinabalu,N.20 Api-Api,19301,132,126,1161,1038,2264,1980,1708,1624,1499,1742,1626,1736,862,888,270,335,160,150,19144,0,154,3,19279
Sabah,P.172 Kota Kinabalu,N.21 Luyang,35191,766,697,2810,2752,3503,3372,3197,3543,2579,2901,2389,2749,1311,1519,418,459,118,108,35000,182,0,9,21815
Sabah,P.173 Putatan,N.22 Tanjung Aru,20738,624,611,2087,1884,1987,1965,1682,1701,1620,1517,1465,1374,754,704,209,250,157,147,20708,0,29,1,23829
Sabah,P.173 Putatan,N.23 Petagas,19191,591,577,2033,1990,2089,2139,1545,1636,1506,1496,1218,1105,417,399,106,145,83,116,19189,0,0,2,17483
Sabah,P.173 Putatan,N.24 Tanjung Keramat,23244,976,872,3976,2925,3692,3313,2016,1805,961,991,627,605,198,173,41,43,16,14,20261,2981,0,2,
Sabah,P.174 Penampang,N.25 Kapayan,47605,1662,1604,5473,5064,6184,5616,4637,4488,3063,2924,2108,2144,963,923,243,329,82,98,45264,26,2310,5,33675
Sabah,P.174 Penampang,N.26 Moyog,29609,1086,959,3386,3118,3336,3280,2736,2718,2142,2118,1398,1458,510,669,167,285,90,153,29329,0,278,2,19456
Sabah,P.175 Papar,N.27 Limbahau,19123,723,735,2077,2033,2097,2115,1704,1693,1401,1404,976,967,398,436,94,159,41,70,19121,0,0,2,
Sabah,P.175 Papar,N.28 Kawang,21651,980,931,2668,2630,2415,2366,1923,1845,1501,1462,975,943,309,366,105,134,43,55,21016,0,635,0,23102
Sabah,P.175 Papar,N.29 Pantai Manis,19168,631,562,1960,1908,2028,2018,1826,1828,1459,1562,1012,1057,418,488,109,165,57,80,18977,0,190,1,20484
Sabah,P.176 Kimanis,N.30 Bongawan,22919,784,727,2407,2272,2684,2677,2136,2121,1748,1752,1142,1088,444,438,120,181,81,117,22918,0,0,1,16239
Sabah,P.176 Kimanis,N.31 Membakut,17844,574,503,1813,1711,2040,2141,1731,1670,1384,1345,876,870,334,362,119,167,95,109,17825,0,19,0,13379
Sabah,P.177 Beaufort,N.32 Klias,21840,635,609,2067,2032,2349,2308,1996,2044,1831,1810,1333,1255,510,525,155,216,69,96,21661,0,177,2,16948
Sabah,P.177 Beaufort,N.33 Kuala Penyu,21408,558,581,2034,1923,2301,2241,2050,2027,1919,1871,1318,1193,458,501,162,184,23,64,21376,0,32,0,16394
Sabah,P.178 Sipitang,N.34 Lumadan,21296,751,690,2398,2248,2406,2542,1946,1879,1543,1465,1070,1032,396,426,150,196,61,97,21296,0,0,0,15009
Sabah,P.178 Sipitang,N.35 Sindumin,24575,876,771,2903,2695,2913,2832,1981,2034,1892,1749,1381,1199,416,422,153,201,69,88,24428,0,146,1,16873
Sabah,P.179 Ranau,N.36 Kundasang,23254,913,910,3042,2874,3015,2950,1896,1814,1285,1245,887,897,339,419,190,271,139,168,23254,0,0,0,14864
Sabah,P.179 Ranau,N.37 Karanaan,18267,601,525,1836,1792,2078,2033,1702,1642,1427,1403,1038,967,349,395,143,171,78,87,18078,0,189,0,13517
Sabah,P.179 Ranau,N.38 Paginatan,24996,1102,1047,3362,3232,3293,3316,1994,2065,1328,1300,872,795,338,387,125,209,71,160,24996,0,0,0,15325
Sabah,P.180 Keningau,N.39 Tambunan,27768,1056,988,3677,3648,3546,3596,2257,2169,1723,1703,1061,1056,361,497,128,224,25,53,27749,0,19,0,16255
Sabah,P.180 Keningau,N.40 Bingkor,29387,1173,1034,3658,3563,3454,3427,2544,2571,2078,1940,1264,1196,413,471,131,223,79,168,29134,0,252,1,17761
Sabah,P.180 Keningau,N.41 Liawan,30433,1393,1246,4374,4294,3957,3763,2152,2159,1736,1718,1332,1097,375,359,115,166,73,124,30431,0,0,2,17161
Sabah,P.181 Tenom,N.42 Melalap,20246,758,679,2204,2169,2405,2300,1701,1748,1501,1387,1076,977,367,407,121,192,122,132,20105,0,140,1,13996
Sabah,P.181 Tenom,N.43 Kemabong,21799,915,860,2540,2476,2611,2665,1797,1838,1499,1447,878,946,274,364,132,260,101,196,21798,0,0,1,15186
Sabah,P.182 Pensiangan,N.44 Tulid,15636,752,603,2132,2097,2056,1924,1226,1172,977,888,541,476,182,225,92,168,39,86,15636,0,0,0,
Sabah,P.182 Pensiangan,N.45 Sook,18252,836,792,2545,2517,2335,2165,1387,1292,1067,1011,689,626,191,252,96,175,115,161,18252,0,0,0,19121
Sabah,P.182 Pensiangan,N.46 Nabawan,21784,1173,1185,3211,3205,2711,2658,1523,1494,985,1076,606,600,183,330,113,287,137,307,21773,0,11,0,12256
Sabah,P.183 Beluran,N.47 Telupid,13666,663,564,1888,1891,1662,1589,1118,1040,891,797,481,420,186,238,66,95,27,50,13666,0,0,0,
Sabah,P.183 Beluran,N.48 Sugut,17389,692,674,2314,2156,2099,1917,1365,1257,1123,925,753,708,327,420,179,254,86,140,17389,0,0,0,11703
Sabah,P.183 Beluran,N.49 Labuk,13672,540,541,1747,1732,1767,1718,1182,1182,842,796,533,504,192,204,57,73,25,37,13495,0,177,0,16806
Sabah,P.184 Libaran,N.50 Gum-Gum,18685,763,700,2304,1992,2322,2084,1731,1697,1254,1084,909,740,335,316,118,158,89,89,17962,0,722,1,12460
Sabah,P.184 Libaran,N.51 Sungai Manila,17451,596,585,2355,1913,2026,1760,1534,1447,1287,1227,823,771,333,345,140,151,79,79,16805,0,646,0,
Sabah,P.184 Libaran,N.52 Sungai Sibuga,36196,1664,1593,5552,5109,4448,4558,2687,2999,1757,1789,1371,1259,528,490,135,141,58,58,35628,567,0,1,35454
Sabah,P.185 Batu Sapi,N.53 Sekong,25216,1020,1048,3580,3448,3035,2993,1863,1879,1520,1370,1091,954,445,401,165,193,111,100,25216,0,0,0,16522
Sabah,P.185 Batu Sapi,N.54 Karamunting,18700,515,490,1951,1581,2005,1730,1511,1473,1567,1393,1289,1097,557,602,243,292,206,198,17926,488,286,0,16052
Sabah,P.186 Sandakan,N.55 Elopura,38302,1415,1337,4995,4688,4425,4302,2975,3044,2176,2295,1888,1953,892,847,338,418,155,159,38064,0,237,1,25285
Sabah,P.186 Sandakan,N.56 Tanjong Papat,17240,456,444,1396,1323,1362,1327,1364,1350,1522,1455,1422,1469,691,682,277,317,207,176,17102,0,134,4,14492
Sabah,P.187 Kinabatangan,N.57 Kuamut,17089,796,778,2417,2310,2139,1910,1294,1220,996,928,592,661,229,320,120,189,102,88,17089,0,0,0,17875
Sabah,P.187 Kinabatangan,N.58 Lamag,12359,559,501,1689,1579,1591,1452,1130,986,730,695,507,427,154,148,55,67,40,49,12142,0,217,0,
Sabah,P.187 Kinabatangan,N.59 Sukau,15325,569,550,1908,1757,1774,1708,1315,1195,1143,953,826,615,275,289,108,119,105,116,15325,0,0,0,10855
Sabah,P.188 Lahad Datu,N.60 Tungku,22944,1006,984,3534,3271,3253,2872,1662,1526,1271,1198,891,677,220,201,87,119,71,101,22562,267,115,0,17773
Sabah,P.188 Lahad Datu,N.61 Segama,27967,1518,1409,4005,3731,3363,3179,2120,1967,1629,1411,1245,1021,449,393,143,157,132,95,27402,140,425,0,
Sabah,P.188 Lahad Datu,N.62 Silam,26154,959,884,3491,3270,3336,3245,2114,2079,1698,1533,1255,997,492,340,148,128,98,87,25517,0,637,0,28658
Sabah,P.188 Lahad Datu,N.63 Kunak,23191,1094,976,3258,3238,2877,2747,1627,1690,1335,1272,1114,904,386,294,98,126,68,87,23002,0,189,0,14511
Sabah,P.189 Semporna,N.64 Sulabayan,19419,778,774,2214,2222,2041,2084,1658,1779,1326,1424,812,866,229,309,175,275,221,232,19419,0,0,0,13984
Sabah,P.189 Semporna,N.65 Senallang,19989,813,811,2440,2296,2064,2099,1790,1898,1338,1302,931,988,323,318,140,191,132,115,19562,261,166,0,14399
Sabah,P.189 Semporna,N.66 Bugaya,32761,1711,1677,4886,4715,4077,3932,2462,2457,1760,1686,1042,1059,286,401,150,206,119,135,32251,0,510,0,19865
Sabah,P.190 Tawau,N.67 Balung,20744,813,707,2510,2436,2548,2584,1544,1685,1406,1235,1195,1010,390,327,124,103,69,58,20744,0,0,0,14541
Sabah,P.190 Tawau,N.68 Apas,29728,1249,1150,4222,3886,3399,3178,2138,2286,1866,1726,1641,1333,577,496,169,198,116,98,29261,466,0,1,18978
Sabah,P.190 Tawau,N.69 Sri Tanjong,37005,1114,1100,3704,3443,3791,3457,3367,3348,2922,2776,2337,2191,1103,1128,393,422,205,204,36295,0,706,4,26400
Sabah,P.191 Kalabakan,N.70 Kukusan,18507,611,576,2454,1934,2363,2197,1705,1582,1174,1119,949,897,324,305,105,95,68,49,16796,1707,0,4,
Sabah,P.191 Kalabakan,N.71 Tanjung Batu,25446,1158,961,3723,3619,3574,3620,1865,1869,1119,1168,1065,885,329,276,98,84,14,19,25445,0,0,1,23951
Sabah,P.191 Kalabakan,N.72 Merotai,24207,1015,1017,3464,3204,3066,2845,1853,1803,1296,1241,1167,996,410,368,161,128,94,79,23702,0,505,0,20634
Sabah,P.191 Kalabakan,N.73 Sebatik,15810,557,560,2297,1998,2259,2135,1204,1146,936,829,688,517,205,144,79,79,108,69,15278,532,0,0,7614
Sarawak,P.192 Mas Gading,N.01 Opar,18525,653,598,2068,2132,1886,1870,1755,1513,1529,1467,973,895,415,497,79,138,20,37,18524,0,0,1,11436
Sarawak,P.192 Mas Gading,N.02 Tasik Biru,28646,981,822,3130,2790,2846,2606,2467,2279,2561,2341,1802,1668,766,865,207,378,48,89,27996,501,149,0,18715
Sarawak,P.193 Santubong,N.03 Tanjong Datu,16081,520,508,1735,1663,1674,1633,1377,1326,1304,1232,905,930,445,471,112,179,18,49,15947,45,88,1,11384
Sarawak,P.193 Santubong,N.04 Pantai Damai,37841,1837,1639,5114,5149,3931,4096,2981,3400,2427,2510,1456,1573,612,705,161,183,22,45,37811,0,28,2,20506
Sarawak,P.193 Santubong,N.05 Demak Laut,25618,1075,949,3155,3149,2941,3005,2174,2211,1743,1740,1078,1097,474,488,110,156,24,49,25618,0,0,0,14813
Sarawak,P.194 Petra Jaya,N.06 Tupong,51773,2207,2153,7149,6906,6148,6046,4008,4370,3041,3441,1915,2184,837,830,165,281,34,58,51728,0,37,8,26004
Sarawak,P.194 Petra Jaya,N.07 Samariang,37898,1510,1364,4444,4472,4544,4569,3261,3468,2346,2760,1503,1788,633,810,134,225,18,49,37888,0,4,6,21363
Sarawak,P.194 Petra Jaya,N.08 Satok,20138,522,442,1673,1555,1880,1687,1779,1745,1824,1824,1301,1512,678,904,234,394,59,125,19255,0,878,5,14314
Sarawak,P.195 Bandar Kuching,N.09 Padungan,25043,273,247,896,818,1350,1200,1760,1746,2376,2507,2860,3200,1861,2123,628,816,147,235,24770,0,271,2,20949
Sarawak,P.195 Bandar Kuching,N.10 Pending,38375,596,556,2217,2106,3056,2826,3432,3351,3712,3784,3625,3917,1714,1999,453,732,107,192,37576,38,758,3,29747
Sarawak,P.195 Bandar Kuching,N.11 Batu Lintang,46292,1141,1037,3967,3816,4536,4584,4093,4330,3460,3993,2851,3336,1545,1935,563,768,132,205,46200,0,81,11,29694
Sarawak,P.196 Stampin,N.12 Kota Sentosa,45712,1366,1233,5438,4297,5755,5333,4378,4393,2826,3056,2218,2388,1084,1157,308,349,56,77,43260,2349,95,8,28392
Sarawak,P.196 Stampin,N.13 Batu Kitang,37250,1432,1267,4235,4158,4120,3941,3383,3495,2646,2647,1718,1803,831,908,234,303,58,71,37231,0,12,7,20820
Sarawak,P.196 Stampin,N.14 Batu Kawah,38047,1534,1363,4443,4307,4443,4344,3818,3783,2416,2498,1486,1610,757,765,180,229,23,48,36998,0,1043,6,20681
Sarawak,P.197 Kota Samarahan,N.15 Asajaya,18439,663,636,1834,1995,1990,2070,1613,1613,1375,1352,985,929,509,480,133,181,30,51,18429,0,10,0,12349
Sarawak,P.197 Kota Samarahan,N.16 Muara Tuang,31919,1356,1290,3775,3915,3630,3612,2703,2748,2088,2151,1423,1420,651,682,164,258,20,33,31661,41,215,2,18644
Sarawak,P.197 Kota Samarahan,N.17 Stakan,31871,1515,1443,5271,3925,4211,3994,2909,2890,1569,1587,798,854,315,339,86,130,18,17,27051,4817,1,2,16992
Sarawak,P.198 Puncak Borneo,N.18 Serembu,15906,520,513,1761,1667,1689,1611,1386,1362,1335,1274,857,815,375,388,105,188,19,41,15901,0,5,0,9834
Sarawak,P.198 Puncak Borneo,N.19 Mambong,33577,1174,1092,3637,3469,3785,3558,3171,2802,2671,2526,1711,1812,763,836,176,261,42,91,32781,0,794,2,19315
Sarawak,P.198 Puncak Borneo,N.20 Tarat,30486,1049,879,2986,2974,3201,3104,2752,2569,2481,2405,1893,1811,794,915,203,318,55,97,30468,0,18,0,17717
Sarawak,P.199 Serian,N.21 Tebedu,20539,638,627,1987,1970,2072,2028,1890,1710,1831,1744,1225,1188,519,671,146,209,23,61,20530,0,9,0,12040
Sarawak,P.199 Serian,N.22 Kedup,19128,586,593,1832,1866,2166,1885,1841,1503,1695,1512,1204,1109,440,529,116,150,25,76,19128,0,0,0,11202
Sarawak,P.199 Serian,N.23 Bukit Semuja,25606,871,827,2722,2591,2686,2531,2248,2146,2099,2074,1494,1486,616,751,147,233,28,56,25457,0,148,1,14893
Sarawak,P.200 Batang Sadong,N.24 Sadong Jaya,10432,333,325,1045,1050,1041,1140,864,890,890,862,572,570,290,338,73,112,16,21,10432,0,0,0,7653
Sarawak,P.200 Batang Sadong,N.25 Simunjan,12141,441,403,1208,1267,1294,1289,959,914,995,990,706,727,325,378,66,125,17,37,12037,0,104,0,8299
Sarawak,P.200 Batang Sadong,N.26 Gedong,10067,345,329,940,930,940,984,898,852,846,861,626,652,294,336,69,84,21,60,10065,0,1,1,7208
Sarawak,P.201 Batang Lupar,N.27 Sebuyau,13780,445,400,1428,1402,1471,1398,1187,1084,1154,1110,747,830,403,411,81,148,25,56,13777,0,3,0,9367
Sarawak,P.201 Batang Lupar,N.28 Lingga,13955,417,397,1455,1336,1385,1380,1100,1167,1204,1224,775,893,389,491,101,174,22,45,13951,0,2,2,9578
Sarawak,P.201 Batang Lupar,N.29 Beting Maro,15337,555,532,1563,1628,1907,1832,1318,1266,1277,1171,731,687,315,319,79,90,23,44,15322,0,14,1,11094
Sarawak,P.202 Sri Aman,N.30 Balai Ringin,15892,474,483,1497,1490,1486,1393,1390,1278,1392,1347,1042,1042,558,577,129,202,40,72,15890,0,2,0,10791
Sarawak,P.202 Sri Aman,N.31 Bukit Begunan,13685,379,355,1564,1152,1325,1163,1092,1062,1223,1129,861,950,462,613,124,168,20,43,13027,510,148,0,9632
Sarawak,P.202 Sri Aman,N.32 Simanggang,20587,749,716,2319,2275,2093,2096,1642,1702,1465,1494,1168,1204,528,662,172,225,27,50,20365,0,221,1,13224
Sarawak,P.203 Lubok Antu,N.33 Engkilili,14725,412,420,1289,1224,1325,1349,1259,1230,1425,1303,997,951,457,596,163,200,36,89,14710,0,14,1,11039
Sarawak,P.203 Lubok Antu,N.34 Batang Ai,14270,425,427,1345,1247,1543,1397,1334,1157,1228,1203,880,790,391,508,99,171,29,96,14193,0,77,0,9929
Sarawak,P.204 Betong,N.35 Saribas,16406,621,565,2006,1874,1913,1880,1304,1309,1214,1186,795,773,305,396,91,111,21,42,16400,0,6,0,10984
Sarawak,P.204 Betong,N.36 Layar,12615,340,359,1192,1114,1280,1213,1009,997,1126,1098,794,849,414,499,128,155,21,27,12496,0,119,0,9334
Sarawak,P.204 Betong,N.37 Bukit Saban,12722,355,355,1192,1195,1397,1300,1039,1020,1114,1026,736,828,379,434,122,163,29,38,12717,0,5,0,9523
Sarawak,P.205 Saratok,N.38 Kalaka,11928,401,367,1304,1324,1247,1263,999,942,948,1003,612,709,268,328,64,113,10,26,11820,0,107,1,8052
Sarawak,P.205 Saratok,N.39 Krian,18195,569,566,1799,1739,1933,1719,1468,1329,1626,1564,1176,1206,513,630,123,165,19,51,18195,0,0,0,13074
Sarawak,P.205 Saratok,N.40 Kabong,14408,532,520,1583,1473,1539,1580,1188,1163,1122,1108,758,856,335,403,69,104,21,54,14396,0,12,0,10111
Sarawak,P.206 Tanjong Manis,N.41 Kuala Rajang,18223,733,629,2278,2198,2013,1944,1493,1531,1330,1342,806,899,359,412,71,129,21,35,18215,0,8,0,11428
Sarawak,P.206 Tanjong Manis,N.42 Semop,14725,489,417,1492,1429,1570,1515,1359,1313,1235,1213,778,876,318,411,80,128,30,72,14725,0,0,0,10297
Sarawak,P.207 Igan,N.43 Daro,14116,523,481,1692,1669,1549,1618,1075,1079,1091,1015,699,756,299,339,83,101,7,40,14040,0,76,0,9195
Sarawak,P.207 Igan,N.44 Jemoreng,14174,470,415,1599,1547,1496,1502,1176,1192,1118,1130,666,839,336,463,88,97,10,30,14173,0,0,1,9963
Sarawak,P.208 Sarikei,N.45 Repok,31110,862,817,2975,2926,3196,3125,2827,2697,2487,2426,2006,1998,934,1022,261,372,69,110,30861,0,249,0,23541
Sarawak,P.208 Sarikei,N.46 Meradong,23908,682,687,2373,2377,2505,2339,2136,1994,2060,1865,1373,1336,656,771,200,362,58,134,23826,0,82,0,18156
Sarawak,P.209 Julau,N.47 Pakan,14615,449,420,1572,1405,1514,1425,1369,1143,1392,1256,787,788,327,385,89,168,36,90,14615,0,0,0,11154
Sarawak,P.209 Julau,N.48 Meluan,20235,649,676,2211,1947,2064,1956,1916,1810,1685,1506,1000,1035,528,591,152,281,45,183,20169,0,66,0,14671
Sarawak,P.210 Kanowit,N.49 Ngemah,14109,435,459,1383,1266,1573,1442,1219,1123,1102,1143,849,816,353,478,100,210,31,127,14109,0,0,0,9853
Sarawak,P.210 Kanowit,N.50 Machan,16879,548,504,1697,1681,1767,1688,1413,1336,1442,1354,1008,994,402,557,116,227,37,108,16794,0,85,0,11763
Sarawak,P.211 Lanang,N.51 Bukit Assek,34972,691,654,2430,2369,2880,2923,3017,3173,2970,3248,2831,3244,1445,1761,379,680,86,191,34970,0,0,2,27636
Sarawak,P.211 Lanang,N.52 Dudong,52384,2007,1879,7082,6534,5912,5579,4340,4505,3481,3495,2198,2309,1003,1114,252,424,86,184,50654,1012,716,2,34955
Sarawak,P.212 Sibu,N.53 Bawang Assan,22520,472,416,1679,1701,2046,2052,1797,1775,2071,2180,1771,1802,871,940,280,411,96,160,22471,0,49,0,19650
Sarawak,P.212 Sibu,N.54 Pelawan,50276,1548,1458,5400,5179,5968,5461,4716,4867,3638,3885,2388,2667,1015,1209,280,440,55,102,49779,0,490,7,34466
Sarawak,P.212 Sibu,N.55 Nangka,33079,1431,1288,4707,3903,3765,3858,2777,2923,1911,2030,1251,1437,546,719,144,238,54,97,31322,1756,0,1,23092
Sarawak,P.213 Mukah,N.56 Dalat,17822,622,537,2037,1961,1758,1714,1517,1419,1501,1403,946,1054,462,602,131,119,11,28,17748,0,73,1,12503
Sarawak,P.213 Mukah,N.57 Tellian,15933,569,540,1812,1678,1703,1604,1393,1314,1273,1164,822,833,382,513,108,169,13,43,15810,0,123,0,10059
Sarawak,P.213 Mukah,N.58 Balingian,13209,452,408,1396,1368,1506,1449,1210,1093,1062,954,700,694,302,376,72,102,19,46,13203,0,6,0,8704
Sarawak,P.214 Selangau,N.59 Tamin,23320,894,784,2497,2464,2365,2294,2093,2073,1879,1834,1181,1134,476,621,196,310,51,174,23305,0,15,0,16681
Sarawak,P.214 Selangau,N.60 Kakus,22423,952,810,2612,2373,2519,2299,1944,1941,1685,1621,1118,1027,501,554,144,160,44,119,22352,0,71,0,14416
Sarawak,P.215 Kapit,N.61 Pelagus,11538,419,448,1358,1185,1288,1245,969,932,860,881,544,486,244,335,78,158,30,78,11538,0,0,0,7894
Sarawak,P.215 Kapit,N.62 Katibas,15866,509,467,1608,1479,1858,1627,1386,1259,1237,1251,845,899,389,513,110,270,47,112,15795,0,71,0,10530
Sarawak,P.215 Kapit,N.63 Bukit Goram,17806,623,602,1914,1908,1850,1904,1468,1534,1364,1483,832,915,400,528,120,202,45,114,17693,0,112,1,12150
Sarawak,P.216 Hulu Rajang,N.64 Baleh,15555,611,521,1712,1558,1904,1578,1289,1195,1092,1071,764,727,375,505,135,303,67,148,15555,0,0,0,10137
Sarawak,P.216 Hulu Rajang,N.65 Belaga,12185,430,424,1426,1260,1316,1215,1076,963,981,907,591,618,262,271,99,152,72,122,12106,0,79,0,8003
Sarawak,P.216 Hulu Rajang,N.66 Murum,15698,657,638,1996,1915,1631,1569,1290,1275,1161,1074,674,670,326,321,139,167,87,108,15698,0,0,0,9738
Sarawak,P.217 Bintulu,N.67 Jepak,22534,836,869,2549,2375,2338,2197,1993,1908,1787,1774,1314,1188,479,552,101,168,23,83,22491,0,43,0,14643
Sarawak,P.217 Bintulu,N.68 Tanjong Batu,37819,1496,1475,5027,4675,4266,4195,2803,3009,2751,2834,2010,1754,621,550,131,172,19,31,37472,0,344,3,22743
Sarawak,P.217 Bintulu,N.69 Kemena,22402,766,714,2409,2232,2323,2231,1966,1920,1860,1757,1237,1133,605,661,155,228,55,150,22402,0,0,0,14252
Sarawak,P.217 Bintulu,N.70 Samalaju,30844,1336,1324,4463,4213,3579,3405,2344,2439,2148,2061,1444,1046,408,365,80,109,34,46,30382,462,0,0,17981
Sarawak,P.218 Sibuti,N.71 Bekenu,19987,648,555,1981,1838,2042,2074,1695,1584,1606,1413,1543,1259,702,601,164,178,45,59,19953,0,34,0,12674
Sarawak,P.218 Sibuti,N.72 Lambir,38535,1477,1362,5323,4868,4881,4713,3142,3132,2382,2355,1642,1555,700,614,138,165,40,46,37791,725,16,3,19907
Sarawak,P.219 Miri,N.73 Piasau,30781,764,731,2583,2365,2787,2594,2280,2347,2357,2611,2535,2642,1395,1391,437,584,188,190,30287,0,494,0,21377
Sarawak,P.219 Miri,N.74 Pujut,43884,1108,1058,4273,4065,4846,4718,3796,3986,3363,3624,2890,2946,1149,1165,297,392,79,129,43877,0,0,7,27567
Sarawak,P.219 Miri,N.75 Senadin,68564,3131,2867,9588,9439,8167,8042,5520,5918,4122,4504,2624,2368,931,866,179,207,33,58,68013,0,549,2,34117
Sarawak,P.220 Baram,N.76 Marudi,25413,823,742,2596,2274,2717,2444,2213,2122,2064,2016,1572,1510,645,794,261,312,112,196,25340,0,72,1,16478
Sarawak,P.220 Baram,N.77 Telang Usan,18062,614,577,1835,1556,1886,1602,1601,1408,1535,1418,1086,1050,433,462,248,288,217,246,18055,0,7,0,11465
Sarawak,P.220 Baram,N.78 Mulu,16060,525,493,1641,1487,1605,1387,1385,1209,1373,1333,1028,907,433,468,211,275,117,183,16060,0,0,0,9572
Sarawak,P.221 Limbang,N.79 Bukit Kota,26864,952,888,2865,2797,3014,2882,2227,2323,1916,1895,1814,1405,648,637,184,270,63,84,26508,0,356,0,16975
Sarawak,P.221 Limbang,N.80 Batu Danau,15135,528,477,1528,1487,1686,1617,1353,1278,1210,1188,957,798,365,356,96,125,38,48,15129,0,4,2,9375
Sarawak,P.222 Lawas,N.81 Ba'Kelalan,13793,539,458,1628,1505,1548,1372,1231,1047,1157,1002,750,689,264,287,97,131,39,49,13793,0,0,0,8503
Sarawak,P.222 Lawas,N.82 Bukit Sari,19862,706,680,2249,2105,2236,2143,1748,1678,1431,1339,1172,1050,452,456,119,183,57,58,19760,0,102,0,13054
